infer_mode;features;train_using_all_batches;skip_training_starting_batch;batch;featurizer;attribute;feature;weight
dk;incremental;True;-1;2;OccurAttrFeaturizer;birthplace;name;1.292
dk;incremental;True;-1;2;OccurAttrFeaturizer;birthplace;surname;2.415
dk;incremental;True;-1;2;OccurAttrFeaturizer;birthplace;birthyear;1.597
dk;incremental;True;-1;2;OccurAttrFeaturizer;birthplace;birthplace;0.0
dk;incremental;True;-1;2;OccurAttrFeaturizer;birthplace;position;0.335
dk;incremental;True;-1;2;OccurAttrFeaturizer;birthplace;team;1.161
dk;incremental;True;-1;2;OccurAttrFeaturizer;birthplace;city;1.527
dk;incremental;True;-1;2;OccurAttrFeaturizer;birthplace;stadium;0.482
dk;incremental;True;-1;2;OccurAttrFeaturizer;birthplace;season;1.04
dk;incremental;True;-1;2;OccurAttrFeaturizer;birthplace;manager;0.814
dk;incremental;True;-1;2;OccurAttrFeaturizer;team;name;0.622
dk;incremental;True;-1;2;OccurAttrFeaturizer;team;surname;0.713
dk;incremental;True;-1;2;OccurAttrFeaturizer;team;birthyear;0.872
dk;incremental;True;-1;2;OccurAttrFeaturizer;team;birthplace;0.842
dk;incremental;True;-1;2;OccurAttrFeaturizer;team;position;0.659
dk;incremental;True;-1;2;OccurAttrFeaturizer;team;team;0.0
dk;incremental;True;-1;2;OccurAttrFeaturizer;team;city;1.428
dk;incremental;True;-1;2;OccurAttrFeaturizer;team;stadium;1.4
dk;incremental;True;-1;2;OccurAttrFeaturizer;team;season;0.977
dk;incremental;True;-1;2;OccurAttrFeaturizer;team;manager;1.931
dk;incremental;True;-1;4;OccurAttrFeaturizer;stadium;name;1.109
dk;incremental;True;-1;4;OccurAttrFeaturizer;stadium;surname;1.992
dk;incremental;True;-1;4;OccurAttrFeaturizer;stadium;birthyear;0.621
dk;incremental;True;-1;4;OccurAttrFeaturizer;stadium;birthplace;1.649
dk;incremental;True;-1;4;OccurAttrFeaturizer;stadium;position;0.085
dk;incremental;True;-1;4;OccurAttrFeaturizer;stadium;team;1.973
dk;incremental;True;-1;4;OccurAttrFeaturizer;stadium;city;2.309
dk;incremental;True;-1;4;OccurAttrFeaturizer;stadium;stadium;-0.0
dk;incremental;True;-1;4;OccurAttrFeaturizer;stadium;season;0.778
dk;incremental;True;-1;4;OccurAttrFeaturizer;stadium;manager;1.213
dk;incremental;True;-1;5;OccurAttrFeaturizer;birthplace;name;3.232
dk;incremental;True;-1;5;OccurAttrFeaturizer;birthplace;surname;3.542
dk;incremental;True;-1;5;OccurAttrFeaturizer;birthplace;birthyear;0.495
dk;incremental;True;-1;5;OccurAttrFeaturizer;birthplace;birthplace;-0.0
dk;incremental;True;-1;5;OccurAttrFeaturizer;birthplace;position;0.044
dk;incremental;True;-1;5;OccurAttrFeaturizer;birthplace;team;0.402
dk;incremental;True;-1;5;OccurAttrFeaturizer;birthplace;city;0.294
dk;incremental;True;-1;5;OccurAttrFeaturizer;birthplace;stadium;0.295
dk;incremental;True;-1;5;OccurAttrFeaturizer;birthplace;season;0.047
dk;incremental;True;-1;5;OccurAttrFeaturizer;birthplace;manager;0.553
dk;incremental;True;-1;7;OccurAttrFeaturizer;stadium;name;1.562
dk;incremental;True;-1;7;OccurAttrFeaturizer;stadium;surname;1.644
dk;incremental;True;-1;7;OccurAttrFeaturizer;stadium;birthyear;0.208
dk;incremental;True;-1;7;OccurAttrFeaturizer;stadium;birthplace;1.137
dk;incremental;True;-1;7;OccurAttrFeaturizer;stadium;position;0.043
dk;incremental;True;-1;7;OccurAttrFeaturizer;stadium;team;2.475
dk;incremental;True;-1;7;OccurAttrFeaturizer;stadium;city;2.803
dk;incremental;True;-1;7;OccurAttrFeaturizer;stadium;stadium;0.0
dk;incremental;True;-1;7;OccurAttrFeaturizer;stadium;season;0.265
dk;incremental;True;-1;7;OccurAttrFeaturizer;stadium;manager;1.519
dk;incremental;True;-1;7;OccurAttrFeaturizer;team;name;1.766
dk;incremental;True;-1;7;OccurAttrFeaturizer;team;surname;1.781
dk;incremental;True;-1;7;OccurAttrFeaturizer;team;birthyear;0.229
dk;incremental;True;-1;7;OccurAttrFeaturizer;team;birthplace;1.143
dk;incremental;True;-1;7;OccurAttrFeaturizer;team;position;-0.002
dk;incremental;True;-1;7;OccurAttrFeaturizer;team;team;0.0
dk;incremental;True;-1;7;OccurAttrFeaturizer;team;city;2.139
dk;incremental;True;-1;7;OccurAttrFeaturizer;team;stadium;2.221
dk;incremental;True;-1;7;OccurAttrFeaturizer;team;season;0.626
dk;incremental;True;-1;7;OccurAttrFeaturizer;team;manager;3.037
dk;incremental;True;-1;8;OccurAttrFeaturizer;stadium;name;1.562
dk;incremental;True;-1;8;OccurAttrFeaturizer;stadium;surname;1.644
dk;incremental;True;-1;8;OccurAttrFeaturizer;stadium;birthyear;0.208
dk;incremental;True;-1;8;OccurAttrFeaturizer;stadium;birthplace;1.137
dk;incremental;True;-1;8;OccurAttrFeaturizer;stadium;position;0.043
dk;incremental;True;-1;8;OccurAttrFeaturizer;stadium;team;2.475
dk;incremental;True;-1;8;OccurAttrFeaturizer;stadium;city;2.803
dk;incremental;True;-1;8;OccurAttrFeaturizer;stadium;stadium;0.0
dk;incremental;True;-1;8;OccurAttrFeaturizer;stadium;season;0.265
dk;incremental;True;-1;8;OccurAttrFeaturizer;stadium;manager;1.519
dk;incremental;True;-1;9;OccurAttrFeaturizer;birthplace;name;3.459
dk;incremental;True;-1;9;OccurAttrFeaturizer;birthplace;surname;3.384
dk;incremental;True;-1;9;OccurAttrFeaturizer;birthplace;birthyear;0.423
dk;incremental;True;-1;9;OccurAttrFeaturizer;birthplace;birthplace;-0.0
dk;incremental;True;-1;9;OccurAttrFeaturizer;birthplace;position;0.03
dk;incremental;True;-1;9;OccurAttrFeaturizer;birthplace;team;0.322
dk;incremental;True;-1;9;OccurAttrFeaturizer;birthplace;city;0.245
dk;incremental;True;-1;9;OccurAttrFeaturizer;birthplace;stadium;0.246
dk;incremental;True;-1;9;OccurAttrFeaturizer;birthplace;season;0.031
dk;incremental;True;-1;9;OccurAttrFeaturizer;birthplace;manager;0.392
dk;incremental;True;-1;10;OccurAttrFeaturizer;manager;name;2.538
dk;incremental;True;-1;10;OccurAttrFeaturizer;manager;surname;2.615
dk;incremental;True;-1;10;OccurAttrFeaturizer;manager;birthyear;0.305
dk;incremental;True;-1;10;OccurAttrFeaturizer;manager;birthplace;1.615
dk;incremental;True;-1;10;OccurAttrFeaturizer;manager;position;0.058
dk;incremental;True;-1;10;OccurAttrFeaturizer;manager;team;3.537
dk;incremental;True;-1;10;OccurAttrFeaturizer;manager;city;1.885
dk;incremental;True;-1;10;OccurAttrFeaturizer;manager;stadium;1.839
dk;incremental;True;-1;10;OccurAttrFeaturizer;manager;season;0.889
dk;incremental;True;-1;10;OccurAttrFeaturizer;manager;manager;0.0
dk;incremental;True;-1;10;OccurAttrFeaturizer;stadium;name;1.562
dk;incremental;True;-1;10;OccurAttrFeaturizer;stadium;surname;1.644
dk;incremental;True;-1;10;OccurAttrFeaturizer;stadium;birthyear;0.208
dk;incremental;True;-1;10;OccurAttrFeaturizer;stadium;birthplace;1.137
dk;incremental;True;-1;10;OccurAttrFeaturizer;stadium;position;0.043
dk;incremental;True;-1;10;OccurAttrFeaturizer;stadium;team;2.475
dk;incremental;True;-1;10;OccurAttrFeaturizer;stadium;city;2.803
dk;incremental;True;-1;10;OccurAttrFeaturizer;stadium;stadium;0.0
dk;incremental;True;-1;10;OccurAttrFeaturizer;stadium;season;0.265
dk;incremental;True;-1;10;OccurAttrFeaturizer;stadium;manager;1.519
dk;incremental;True;-1;10;OccurAttrFeaturizer;team;name;1.766
dk;incremental;True;-1;10;OccurAttrFeaturizer;team;surname;1.781
dk;incremental;True;-1;10;OccurAttrFeaturizer;team;birthyear;0.229
dk;incremental;True;-1;10;OccurAttrFeaturizer;team;birthplace;1.143
dk;incremental;True;-1;10;OccurAttrFeaturizer;team;position;-0.002
dk;incremental;True;-1;10;OccurAttrFeaturizer;team;team;0.0
dk;incremental;True;-1;10;OccurAttrFeaturizer;team;city;2.139
dk;incremental;True;-1;10;OccurAttrFeaturizer;team;stadium;2.221
dk;incremental;True;-1;10;OccurAttrFeaturizer;team;season;0.626
dk;incremental;True;-1;10;OccurAttrFeaturizer;team;manager;3.037
dk;incremental;True;-1;14;OccurAttrFeaturizer;team;name;1.766
dk;incremental;True;-1;14;OccurAttrFeaturizer;team;surname;1.781
dk;incremental;True;-1;14;OccurAttrFeaturizer;team;birthyear;0.229
dk;incremental;True;-1;14;OccurAttrFeaturizer;team;birthplace;1.143
dk;incremental;True;-1;14;OccurAttrFeaturizer;team;position;-0.002
dk;incremental;True;-1;14;OccurAttrFeaturizer;team;team;0.0
dk;incremental;True;-1;14;OccurAttrFeaturizer;team;city;2.139
dk;incremental;True;-1;14;OccurAttrFeaturizer;team;stadium;2.221
dk;incremental;True;-1;14;OccurAttrFeaturizer;team;season;0.626
dk;incremental;True;-1;14;OccurAttrFeaturizer;team;manager;3.037
dk;incremental;True;-1;15;OccurAttrFeaturizer;birthyear;name;2.813
dk;incremental;True;-1;15;OccurAttrFeaturizer;birthyear;surname;2.786
dk;incremental;True;-1;15;OccurAttrFeaturizer;birthyear;birthyear;0.0
dk;incremental;True;-1;15;OccurAttrFeaturizer;birthyear;birthplace;1.535
dk;incremental;True;-1;15;OccurAttrFeaturizer;birthyear;position;0.045
dk;incremental;True;-1;15;OccurAttrFeaturizer;birthyear;team;0.303
dk;incremental;True;-1;15;OccurAttrFeaturizer;birthyear;city;0.213
dk;incremental;True;-1;15;OccurAttrFeaturizer;birthyear;stadium;0.232
dk;incremental;True;-1;15;OccurAttrFeaturizer;birthyear;season;0.054
dk;incremental;True;-1;15;OccurAttrFeaturizer;birthyear;manager;0.348
dk;incremental;True;-1;17;OccurAttrFeaturizer;season;name;1.284
dk;incremental;True;-1;17;OccurAttrFeaturizer;season;surname;1.298
dk;incremental;True;-1;17;OccurAttrFeaturizer;season;birthyear;-0.094
dk;incremental;True;-1;17;OccurAttrFeaturizer;season;birthplace;0.819
dk;incremental;True;-1;17;OccurAttrFeaturizer;season;position;-0.072
dk;incremental;True;-1;17;OccurAttrFeaturizer;season;team;2.192
dk;incremental;True;-1;17;OccurAttrFeaturizer;season;city;0.678
dk;incremental;True;-1;17;OccurAttrFeaturizer;season;stadium;0.822
dk;incremental;True;-1;17;OccurAttrFeaturizer;season;season;0.0
dk;incremental;True;-1;17;OccurAttrFeaturizer;season;manager;2.565
dk;incremental;True;-1;19;OccurAttrFeaturizer;birthplace;name;3.459
dk;incremental;True;-1;19;OccurAttrFeaturizer;birthplace;surname;3.384
dk;incremental;True;-1;19;OccurAttrFeaturizer;birthplace;birthyear;0.423
dk;incremental;True;-1;19;OccurAttrFeaturizer;birthplace;birthplace;-0.0
dk;incremental;True;-1;19;OccurAttrFeaturizer;birthplace;position;0.03
dk;incremental;True;-1;19;OccurAttrFeaturizer;birthplace;team;0.322
dk;incremental;True;-1;19;OccurAttrFeaturizer;birthplace;city;0.245
dk;incremental;True;-1;19;OccurAttrFeaturizer;birthplace;stadium;0.246
dk;incremental;True;-1;19;OccurAttrFeaturizer;birthplace;season;0.031
dk;incremental;True;-1;19;OccurAttrFeaturizer;birthplace;manager;0.392
dk;incremental;True;-1;20;OccurAttrFeaturizer;team;name;1.867
dk;incremental;True;-1;20;OccurAttrFeaturizer;team;surname;1.855
dk;incremental;True;-1;20;OccurAttrFeaturizer;team;birthyear;0.224
dk;incremental;True;-1;20;OccurAttrFeaturizer;team;birthplace;1.13
dk;incremental;True;-1;20;OccurAttrFeaturizer;team;position;0.009
dk;incremental;True;-1;20;OccurAttrFeaturizer;team;team;0.0
dk;incremental;True;-1;20;OccurAttrFeaturizer;team;city;2.278
dk;incremental;True;-1;20;OccurAttrFeaturizer;team;stadium;2.307
dk;incremental;True;-1;20;OccurAttrFeaturizer;team;season;0.655
dk;incremental;True;-1;20;OccurAttrFeaturizer;team;manager;3.223
dk;incremental;True;-1;21;OccurAttrFeaturizer;season;name;1.284
dk;incremental;True;-1;21;OccurAttrFeaturizer;season;surname;1.298
dk;incremental;True;-1;21;OccurAttrFeaturizer;season;birthyear;-0.094
dk;incremental;True;-1;21;OccurAttrFeaturizer;season;birthplace;0.819
dk;incremental;True;-1;21;OccurAttrFeaturizer;season;position;-0.072
dk;incremental;True;-1;21;OccurAttrFeaturizer;season;team;2.192
dk;incremental;True;-1;21;OccurAttrFeaturizer;season;city;0.678
dk;incremental;True;-1;21;OccurAttrFeaturizer;season;stadium;0.822
dk;incremental;True;-1;21;OccurAttrFeaturizer;season;season;0.0
dk;incremental;True;-1;21;OccurAttrFeaturizer;season;manager;2.565
dk;incremental;True;-1;22;OccurAttrFeaturizer;position;name;1.947
dk;incremental;True;-1;22;OccurAttrFeaturizer;position;surname;1.941
dk;incremental;True;-1;22;OccurAttrFeaturizer;position;birthyear;0.104
dk;incremental;True;-1;22;OccurAttrFeaturizer;position;birthplace;0.642
dk;incremental;True;-1;22;OccurAttrFeaturizer;position;position;0.0
dk;incremental;True;-1;22;OccurAttrFeaturizer;position;team;1.091
dk;incremental;True;-1;22;OccurAttrFeaturizer;position;city;0.627
dk;incremental;True;-1;22;OccurAttrFeaturizer;position;stadium;0.432
dk;incremental;True;-1;22;OccurAttrFeaturizer;position;season;-0.092
dk;incremental;True;-1;22;OccurAttrFeaturizer;position;manager;0.987
dk;incremental;True;-1;23;OccurAttrFeaturizer;season;name;1.284
dk;incremental;True;-1;23;OccurAttrFeaturizer;season;surname;1.298
dk;incremental;True;-1;23;OccurAttrFeaturizer;season;birthyear;-0.094
dk;incremental;True;-1;23;OccurAttrFeaturizer;season;birthplace;0.819
dk;incremental;True;-1;23;OccurAttrFeaturizer;season;position;-0.072
dk;incremental;True;-1;23;OccurAttrFeaturizer;season;team;2.192
dk;incremental;True;-1;23;OccurAttrFeaturizer;season;city;0.678
dk;incremental;True;-1;23;OccurAttrFeaturizer;season;stadium;0.822
dk;incremental;True;-1;23;OccurAttrFeaturizer;season;season;0.0
dk;incremental;True;-1;23;OccurAttrFeaturizer;season;manager;2.565
dk;incremental;True;-1;25;OccurAttrFeaturizer;city;name;1.623
dk;incremental;True;-1;25;OccurAttrFeaturizer;city;surname;1.612
dk;incremental;True;-1;25;OccurAttrFeaturizer;city;birthyear;0.198
dk;incremental;True;-1;25;OccurAttrFeaturizer;city;birthplace;1.218
dk;incremental;True;-1;25;OccurAttrFeaturizer;city;position;0.085
dk;incremental;True;-1;25;OccurAttrFeaturizer;city;team;2.465
dk;incremental;True;-1;25;OccurAttrFeaturizer;city;city;0.0
dk;incremental;True;-1;25;OccurAttrFeaturizer;city;stadium;2.842
dk;incremental;True;-1;25;OccurAttrFeaturizer;city;season;0.256
dk;incremental;True;-1;25;OccurAttrFeaturizer;city;manager;1.68
dk;incremental;True;-1;25;OccurAttrFeaturizer;position;name;1.947
dk;incremental;True;-1;25;OccurAttrFeaturizer;position;surname;1.941
dk;incremental;True;-1;25;OccurAttrFeaturizer;position;birthyear;0.104
dk;incremental;True;-1;25;OccurAttrFeaturizer;position;birthplace;0.642
dk;incremental;True;-1;25;OccurAttrFeaturizer;position;position;0.0
dk;incremental;True;-1;25;OccurAttrFeaturizer;position;team;1.091
dk;incremental;True;-1;25;OccurAttrFeaturizer;position;city;0.627
dk;incremental;True;-1;25;OccurAttrFeaturizer;position;stadium;0.432
dk;incremental;True;-1;25;OccurAttrFeaturizer;position;season;-0.092
dk;incremental;True;-1;25;OccurAttrFeaturizer;position;manager;0.987
dk;incremental;True;-1;25;OccurAttrFeaturizer;season;name;1.284
dk;incremental;True;-1;25;OccurAttrFeaturizer;season;surname;1.298
dk;incremental;True;-1;25;OccurAttrFeaturizer;season;birthyear;-0.094
dk;incremental;True;-1;25;OccurAttrFeaturizer;season;birthplace;0.819
dk;incremental;True;-1;25;OccurAttrFeaturizer;season;position;-0.072
dk;incremental;True;-1;25;OccurAttrFeaturizer;season;team;2.192
dk;incremental;True;-1;25;OccurAttrFeaturizer;season;city;0.678
dk;incremental;True;-1;25;OccurAttrFeaturizer;season;stadium;0.822
dk;incremental;True;-1;25;OccurAttrFeaturizer;season;season;0.0
dk;incremental;True;-1;25;OccurAttrFeaturizer;season;manager;2.565
dk;incremental;True;-1;26;OccurAttrFeaturizer;manager;name;2.538
dk;incremental;True;-1;26;OccurAttrFeaturizer;manager;surname;2.615
dk;incremental;True;-1;26;OccurAttrFeaturizer;manager;birthyear;0.305
dk;incremental;True;-1;26;OccurAttrFeaturizer;manager;birthplace;1.615
dk;incremental;True;-1;26;OccurAttrFeaturizer;manager;position;0.058
dk;incremental;True;-1;26;OccurAttrFeaturizer;manager;team;3.537
dk;incremental;True;-1;26;OccurAttrFeaturizer;manager;city;1.885
dk;incremental;True;-1;26;OccurAttrFeaturizer;manager;stadium;1.839
dk;incremental;True;-1;26;OccurAttrFeaturizer;manager;season;0.889
dk;incremental;True;-1;26;OccurAttrFeaturizer;manager;manager;0.0
dk;incremental;True;-1;27;OccurAttrFeaturizer;position;name;1.947
dk;incremental;True;-1;27;OccurAttrFeaturizer;position;surname;1.941
dk;incremental;True;-1;27;OccurAttrFeaturizer;position;birthyear;0.104
dk;incremental;True;-1;27;OccurAttrFeaturizer;position;birthplace;0.642
dk;incremental;True;-1;27;OccurAttrFeaturizer;position;position;0.0
dk;incremental;True;-1;27;OccurAttrFeaturizer;position;team;1.091
dk;incremental;True;-1;27;OccurAttrFeaturizer;position;city;0.627
dk;incremental;True;-1;27;OccurAttrFeaturizer;position;stadium;0.432
dk;incremental;True;-1;27;OccurAttrFeaturizer;position;season;-0.092
dk;incremental;True;-1;27;OccurAttrFeaturizer;position;manager;0.987
dk;incremental;True;-1;28;OccurAttrFeaturizer;team;name;1.867
dk;incremental;True;-1;28;OccurAttrFeaturizer;team;surname;1.855
dk;incremental;True;-1;28;OccurAttrFeaturizer;team;birthyear;0.224
dk;incremental;True;-1;28;OccurAttrFeaturizer;team;birthplace;1.13
dk;incremental;True;-1;28;OccurAttrFeaturizer;team;position;0.009
dk;incremental;True;-1;28;OccurAttrFeaturizer;team;team;0.0
dk;incremental;True;-1;28;OccurAttrFeaturizer;team;city;2.278
dk;incremental;True;-1;28;OccurAttrFeaturizer;team;stadium;2.307
dk;incremental;True;-1;28;OccurAttrFeaturizer;team;season;0.655
dk;incremental;True;-1;28;OccurAttrFeaturizer;team;manager;3.223
dk;incremental;True;-1;29;OccurAttrFeaturizer;season;name;1.284
dk;incremental;True;-1;29;OccurAttrFeaturizer;season;surname;1.298
dk;incremental;True;-1;29;OccurAttrFeaturizer;season;birthyear;-0.094
dk;incremental;True;-1;29;OccurAttrFeaturizer;season;birthplace;0.819
dk;incremental;True;-1;29;OccurAttrFeaturizer;season;position;-0.072
dk;incremental;True;-1;29;OccurAttrFeaturizer;season;team;2.192
dk;incremental;True;-1;29;OccurAttrFeaturizer;season;city;0.678
dk;incremental;True;-1;29;OccurAttrFeaturizer;season;stadium;0.822
dk;incremental;True;-1;29;OccurAttrFeaturizer;season;season;0.0
dk;incremental;True;-1;29;OccurAttrFeaturizer;season;manager;2.565
dk;incremental;True;-1;30;OccurAttrFeaturizer;season;name;1.284
dk;incremental;True;-1;30;OccurAttrFeaturizer;season;surname;1.298
dk;incremental;True;-1;30;OccurAttrFeaturizer;season;birthyear;-0.094
dk;incremental;True;-1;30;OccurAttrFeaturizer;season;birthplace;0.819
dk;incremental;True;-1;30;OccurAttrFeaturizer;season;position;-0.072
dk;incremental;True;-1;30;OccurAttrFeaturizer;season;team;2.192
dk;incremental;True;-1;30;OccurAttrFeaturizer;season;city;0.678
dk;incremental;True;-1;30;OccurAttrFeaturizer;season;stadium;0.822
dk;incremental;True;-1;30;OccurAttrFeaturizer;season;season;0.0
dk;incremental;True;-1;30;OccurAttrFeaturizer;season;manager;2.565
dk;incremental;True;-1;30;OccurAttrFeaturizer;stadium;name;1.694
dk;incremental;True;-1;30;OccurAttrFeaturizer;stadium;surname;1.695
dk;incremental;True;-1;30;OccurAttrFeaturizer;stadium;birthyear;0.224
dk;incremental;True;-1;30;OccurAttrFeaturizer;stadium;birthplace;1.083
dk;incremental;True;-1;30;OccurAttrFeaturizer;stadium;position;0.038
dk;incremental;True;-1;30;OccurAttrFeaturizer;stadium;team;2.52
dk;incremental;True;-1;30;OccurAttrFeaturizer;stadium;city;2.835
dk;incremental;True;-1;30;OccurAttrFeaturizer;stadium;stadium;0.0
dk;incremental;True;-1;30;OccurAttrFeaturizer;stadium;season;0.193
dk;incremental;True;-1;30;OccurAttrFeaturizer;stadium;manager;1.53
dk;incremental;True;-1;31;OccurAttrFeaturizer;birthplace;name;3.49
dk;incremental;True;-1;31;OccurAttrFeaturizer;birthplace;surname;3.422
dk;incremental;True;-1;31;OccurAttrFeaturizer;birthplace;birthyear;0.382
dk;incremental;True;-1;31;OccurAttrFeaturizer;birthplace;birthplace;-0.0
dk;incremental;True;-1;31;OccurAttrFeaturizer;birthplace;position;0.026
dk;incremental;True;-1;31;OccurAttrFeaturizer;birthplace;team;0.258
dk;incremental;True;-1;31;OccurAttrFeaturizer;birthplace;city;0.19
dk;incremental;True;-1;31;OccurAttrFeaturizer;birthplace;stadium;0.2
dk;incremental;True;-1;31;OccurAttrFeaturizer;birthplace;season;0.029
dk;incremental;True;-1;31;OccurAttrFeaturizer;birthplace;manager;0.325
dk;incremental;True;-1;32;OccurAttrFeaturizer;team;name;1.867
dk;incremental;True;-1;32;OccurAttrFeaturizer;team;surname;1.855
dk;incremental;True;-1;32;OccurAttrFeaturizer;team;birthyear;0.224
dk;incremental;True;-1;32;OccurAttrFeaturizer;team;birthplace;1.13
dk;incremental;True;-1;32;OccurAttrFeaturizer;team;position;0.009
dk;incremental;True;-1;32;OccurAttrFeaturizer;team;team;0.0
dk;incremental;True;-1;32;OccurAttrFeaturizer;team;city;2.278
dk;incremental;True;-1;32;OccurAttrFeaturizer;team;stadium;2.307
dk;incremental;True;-1;32;OccurAttrFeaturizer;team;season;0.655
dk;incremental;True;-1;32;OccurAttrFeaturizer;team;manager;3.223
dk;incremental;True;-1;33;OccurAttrFeaturizer;city;name;1.623
dk;incremental;True;-1;33;OccurAttrFeaturizer;city;surname;1.612
dk;incremental;True;-1;33;OccurAttrFeaturizer;city;birthyear;0.198
dk;incremental;True;-1;33;OccurAttrFeaturizer;city;birthplace;1.218
dk;incremental;True;-1;33;OccurAttrFeaturizer;city;position;0.085
dk;incremental;True;-1;33;OccurAttrFeaturizer;city;team;2.465
dk;incremental;True;-1;33;OccurAttrFeaturizer;city;city;0.0
dk;incremental;True;-1;33;OccurAttrFeaturizer;city;stadium;2.842
dk;incremental;True;-1;33;OccurAttrFeaturizer;city;season;0.256
dk;incremental;True;-1;33;OccurAttrFeaturizer;city;manager;1.68
dk;incremental;True;-1;33;OccurAttrFeaturizer;season;name;1.284
dk;incremental;True;-1;33;OccurAttrFeaturizer;season;surname;1.298
dk;incremental;True;-1;33;OccurAttrFeaturizer;season;birthyear;-0.094
dk;incremental;True;-1;33;OccurAttrFeaturizer;season;birthplace;0.819
dk;incremental;True;-1;33;OccurAttrFeaturizer;season;position;-0.072
dk;incremental;True;-1;33;OccurAttrFeaturizer;season;team;2.192
dk;incremental;True;-1;33;OccurAttrFeaturizer;season;city;0.678
dk;incremental;True;-1;33;OccurAttrFeaturizer;season;stadium;0.822
dk;incremental;True;-1;33;OccurAttrFeaturizer;season;season;0.0
dk;incremental;True;-1;33;OccurAttrFeaturizer;season;manager;2.565
dk;incremental;True;-1;34;OccurAttrFeaturizer;position;name;1.947
dk;incremental;True;-1;34;OccurAttrFeaturizer;position;surname;1.941
dk;incremental;True;-1;34;OccurAttrFeaturizer;position;birthyear;0.104
dk;incremental;True;-1;34;OccurAttrFeaturizer;position;birthplace;0.642
dk;incremental;True;-1;34;OccurAttrFeaturizer;position;position;0.0
dk;incremental;True;-1;34;OccurAttrFeaturizer;position;team;1.091
dk;incremental;True;-1;34;OccurAttrFeaturizer;position;city;0.627
dk;incremental;True;-1;34;OccurAttrFeaturizer;position;stadium;0.432
dk;incremental;True;-1;34;OccurAttrFeaturizer;position;season;-0.092
dk;incremental;True;-1;34;OccurAttrFeaturizer;position;manager;0.987
dk;incremental;True;-1;34;OccurAttrFeaturizer;season;name;1.284
dk;incremental;True;-1;34;OccurAttrFeaturizer;season;surname;1.298
dk;incremental;True;-1;34;OccurAttrFeaturizer;season;birthyear;-0.094
dk;incremental;True;-1;34;OccurAttrFeaturizer;season;birthplace;0.819
dk;incremental;True;-1;34;OccurAttrFeaturizer;season;position;-0.072
dk;incremental;True;-1;34;OccurAttrFeaturizer;season;team;2.192
dk;incremental;True;-1;34;OccurAttrFeaturizer;season;city;0.678
dk;incremental;True;-1;34;OccurAttrFeaturizer;season;stadium;0.822
dk;incremental;True;-1;34;OccurAttrFeaturizer;season;season;0.0
dk;incremental;True;-1;34;OccurAttrFeaturizer;season;manager;2.565
dk;incremental;True;-1;34;OccurAttrFeaturizer;team;name;1.867
dk;incremental;True;-1;34;OccurAttrFeaturizer;team;surname;1.855
dk;incremental;True;-1;34;OccurAttrFeaturizer;team;birthyear;0.224
dk;incremental;True;-1;34;OccurAttrFeaturizer;team;birthplace;1.13
dk;incremental;True;-1;34;OccurAttrFeaturizer;team;position;0.009
dk;incremental;True;-1;34;OccurAttrFeaturizer;team;team;0.0
dk;incremental;True;-1;34;OccurAttrFeaturizer;team;city;2.278
dk;incremental;True;-1;34;OccurAttrFeaturizer;team;stadium;2.307
dk;incremental;True;-1;34;OccurAttrFeaturizer;team;season;0.655
dk;incremental;True;-1;34;OccurAttrFeaturizer;team;manager;3.223
dk;incremental;True;-1;35;OccurAttrFeaturizer;city;name;1.623
dk;incremental;True;-1;35;OccurAttrFeaturizer;city;surname;1.612
dk;incremental;True;-1;35;OccurAttrFeaturizer;city;birthyear;0.198
dk;incremental;True;-1;35;OccurAttrFeaturizer;city;birthplace;1.218
dk;incremental;True;-1;35;OccurAttrFeaturizer;city;position;0.085
dk;incremental;True;-1;35;OccurAttrFeaturizer;city;team;2.465
dk;incremental;True;-1;35;OccurAttrFeaturizer;city;city;0.0
dk;incremental;True;-1;35;OccurAttrFeaturizer;city;stadium;2.842
dk;incremental;True;-1;35;OccurAttrFeaturizer;city;season;0.256
dk;incremental;True;-1;35;OccurAttrFeaturizer;city;manager;1.68
dk;incremental;True;-1;36;OccurAttrFeaturizer;city;name;1.623
dk;incremental;True;-1;36;OccurAttrFeaturizer;city;surname;1.612
dk;incremental;True;-1;36;OccurAttrFeaturizer;city;birthyear;0.198
dk;incremental;True;-1;36;OccurAttrFeaturizer;city;birthplace;1.218
dk;incremental;True;-1;36;OccurAttrFeaturizer;city;position;0.085
dk;incremental;True;-1;36;OccurAttrFeaturizer;city;team;2.465
dk;incremental;True;-1;36;OccurAttrFeaturizer;city;city;0.0
dk;incremental;True;-1;36;OccurAttrFeaturizer;city;stadium;2.842
dk;incremental;True;-1;36;OccurAttrFeaturizer;city;season;0.256
dk;incremental;True;-1;36;OccurAttrFeaturizer;city;manager;1.68
dk;incremental;True;-1;36;OccurAttrFeaturizer;season;name;1.284
dk;incremental;True;-1;36;OccurAttrFeaturizer;season;surname;1.298
dk;incremental;True;-1;36;OccurAttrFeaturizer;season;birthyear;-0.094
dk;incremental;True;-1;36;OccurAttrFeaturizer;season;birthplace;0.819
dk;incremental;True;-1;36;OccurAttrFeaturizer;season;position;-0.072
dk;incremental;True;-1;36;OccurAttrFeaturizer;season;team;2.192
dk;incremental;True;-1;36;OccurAttrFeaturizer;season;city;0.678
dk;incremental;True;-1;36;OccurAttrFeaturizer;season;stadium;0.822
dk;incremental;True;-1;36;OccurAttrFeaturizer;season;season;0.0
dk;incremental;True;-1;36;OccurAttrFeaturizer;season;manager;2.565
dk;incremental;True;-1;36;OccurAttrFeaturizer;stadium;name;1.694
dk;incremental;True;-1;36;OccurAttrFeaturizer;stadium;surname;1.695
dk;incremental;True;-1;36;OccurAttrFeaturizer;stadium;birthyear;0.224
dk;incremental;True;-1;36;OccurAttrFeaturizer;stadium;birthplace;1.083
dk;incremental;True;-1;36;OccurAttrFeaturizer;stadium;position;0.038
dk;incremental;True;-1;36;OccurAttrFeaturizer;stadium;team;2.52
dk;incremental;True;-1;36;OccurAttrFeaturizer;stadium;city;2.835
dk;incremental;True;-1;36;OccurAttrFeaturizer;stadium;stadium;0.0
dk;incremental;True;-1;36;OccurAttrFeaturizer;stadium;season;0.193
dk;incremental;True;-1;36;OccurAttrFeaturizer;stadium;manager;1.53
dk;incremental;True;-1;37;OccurAttrFeaturizer;city;name;1.623
dk;incremental;True;-1;37;OccurAttrFeaturizer;city;surname;1.612
dk;incremental;True;-1;37;OccurAttrFeaturizer;city;birthyear;0.198
dk;incremental;True;-1;37;OccurAttrFeaturizer;city;birthplace;1.218
dk;incremental;True;-1;37;OccurAttrFeaturizer;city;position;0.085
dk;incremental;True;-1;37;OccurAttrFeaturizer;city;team;2.465
dk;incremental;True;-1;37;OccurAttrFeaturizer;city;city;0.0
dk;incremental;True;-1;37;OccurAttrFeaturizer;city;stadium;2.842
dk;incremental;True;-1;37;OccurAttrFeaturizer;city;season;0.256
dk;incremental;True;-1;37;OccurAttrFeaturizer;city;manager;1.68
dk;incremental;True;-1;37;OccurAttrFeaturizer;stadium;name;1.694
dk;incremental;True;-1;37;OccurAttrFeaturizer;stadium;surname;1.695
dk;incremental;True;-1;37;OccurAttrFeaturizer;stadium;birthyear;0.224
dk;incremental;True;-1;37;OccurAttrFeaturizer;stadium;birthplace;1.083
dk;incremental;True;-1;37;OccurAttrFeaturizer;stadium;position;0.038
dk;incremental;True;-1;37;OccurAttrFeaturizer;stadium;team;2.52
dk;incremental;True;-1;37;OccurAttrFeaturizer;stadium;city;2.835
dk;incremental;True;-1;37;OccurAttrFeaturizer;stadium;stadium;0.0
dk;incremental;True;-1;37;OccurAttrFeaturizer;stadium;season;0.193
dk;incremental;True;-1;37;OccurAttrFeaturizer;stadium;manager;1.53
dk;incremental;True;-1;38;OccurAttrFeaturizer;season;name;1.284
dk;incremental;True;-1;38;OccurAttrFeaturizer;season;surname;1.298
dk;incremental;True;-1;38;OccurAttrFeaturizer;season;birthyear;-0.094
dk;incremental;True;-1;38;OccurAttrFeaturizer;season;birthplace;0.819
dk;incremental;True;-1;38;OccurAttrFeaturizer;season;position;-0.072
dk;incremental;True;-1;38;OccurAttrFeaturizer;season;team;2.192
dk;incremental;True;-1;38;OccurAttrFeaturizer;season;city;0.678
dk;incremental;True;-1;38;OccurAttrFeaturizer;season;stadium;0.822
dk;incremental;True;-1;38;OccurAttrFeaturizer;season;season;0.0
dk;incremental;True;-1;38;OccurAttrFeaturizer;season;manager;2.565
dk;incremental;True;-1;39;OccurAttrFeaturizer;position;name;1.947
dk;incremental;True;-1;39;OccurAttrFeaturizer;position;surname;1.941
dk;incremental;True;-1;39;OccurAttrFeaturizer;position;birthyear;0.104
dk;incremental;True;-1;39;OccurAttrFeaturizer;position;birthplace;0.642
dk;incremental;True;-1;39;OccurAttrFeaturizer;position;position;0.0
dk;incremental;True;-1;39;OccurAttrFeaturizer;position;team;1.091
dk;incremental;True;-1;39;OccurAttrFeaturizer;position;city;0.627
dk;incremental;True;-1;39;OccurAttrFeaturizer;position;stadium;0.432
dk;incremental;True;-1;39;OccurAttrFeaturizer;position;season;-0.092
dk;incremental;True;-1;39;OccurAttrFeaturizer;position;manager;0.987
dk;incremental;True;-1;40;OccurAttrFeaturizer;position;name;1.947
dk;incremental;True;-1;40;OccurAttrFeaturizer;position;surname;1.941
dk;incremental;True;-1;40;OccurAttrFeaturizer;position;birthyear;0.104
dk;incremental;True;-1;40;OccurAttrFeaturizer;position;birthplace;0.642
dk;incremental;True;-1;40;OccurAttrFeaturizer;position;position;0.0
dk;incremental;True;-1;40;OccurAttrFeaturizer;position;team;1.091
dk;incremental;True;-1;40;OccurAttrFeaturizer;position;city;0.627
dk;incremental;True;-1;40;OccurAttrFeaturizer;position;stadium;0.432
dk;incremental;True;-1;40;OccurAttrFeaturizer;position;season;-0.092
dk;incremental;True;-1;40;OccurAttrFeaturizer;position;manager;0.987
dk;incremental;True;-1;40;OccurAttrFeaturizer;season;name;1.284
dk;incremental;True;-1;40;OccurAttrFeaturizer;season;surname;1.298
dk;incremental;True;-1;40;OccurAttrFeaturizer;season;birthyear;-0.094
dk;incremental;True;-1;40;OccurAttrFeaturizer;season;birthplace;0.819
dk;incremental;True;-1;40;OccurAttrFeaturizer;season;position;-0.072
dk;incremental;True;-1;40;OccurAttrFeaturizer;season;team;2.192
dk;incremental;True;-1;40;OccurAttrFeaturizer;season;city;0.678
dk;incremental;True;-1;40;OccurAttrFeaturizer;season;stadium;0.822
dk;incremental;True;-1;40;OccurAttrFeaturizer;season;season;0.0
dk;incremental;True;-1;40;OccurAttrFeaturizer;season;manager;2.565
dk;incremental;True;-1;42;OccurAttrFeaturizer;manager;name;2.873
dk;incremental;True;-1;42;OccurAttrFeaturizer;manager;surname;2.841
dk;incremental;True;-1;42;OccurAttrFeaturizer;manager;birthyear;0.378
dk;incremental;True;-1;42;OccurAttrFeaturizer;manager;birthplace;1.795
dk;incremental;True;-1;42;OccurAttrFeaturizer;manager;position;0.05
dk;incremental;True;-1;42;OccurAttrFeaturizer;manager;team;3.69
dk;incremental;True;-1;42;OccurAttrFeaturizer;manager;city;1.817
dk;incremental;True;-1;42;OccurAttrFeaturizer;manager;stadium;1.792
dk;incremental;True;-1;42;OccurAttrFeaturizer;manager;season;0.886
dk;incremental;True;-1;42;OccurAttrFeaturizer;manager;manager;0.0
dk;incremental;True;-1;42;OccurAttrFeaturizer;team;name;1.867
dk;incremental;True;-1;42;OccurAttrFeaturizer;team;surname;1.855
dk;incremental;True;-1;42;OccurAttrFeaturizer;team;birthyear;0.224
dk;incremental;True;-1;42;OccurAttrFeaturizer;team;birthplace;1.13
dk;incremental;True;-1;42;OccurAttrFeaturizer;team;position;0.009
dk;incremental;True;-1;42;OccurAttrFeaturizer;team;team;0.0
dk;incremental;True;-1;42;OccurAttrFeaturizer;team;city;2.278
dk;incremental;True;-1;42;OccurAttrFeaturizer;team;stadium;2.307
dk;incremental;True;-1;42;OccurAttrFeaturizer;team;season;0.655
dk;incremental;True;-1;42;OccurAttrFeaturizer;team;manager;3.223
dk;incremental;True;-1;43;OccurAttrFeaturizer;team;name;1.867
dk;incremental;True;-1;43;OccurAttrFeaturizer;team;surname;1.855
dk;incremental;True;-1;43;OccurAttrFeaturizer;team;birthyear;0.224
dk;incremental;True;-1;43;OccurAttrFeaturizer;team;birthplace;1.13
dk;incremental;True;-1;43;OccurAttrFeaturizer;team;position;0.009
dk;incremental;True;-1;43;OccurAttrFeaturizer;team;team;0.0
dk;incremental;True;-1;43;OccurAttrFeaturizer;team;city;2.278
dk;incremental;True;-1;43;OccurAttrFeaturizer;team;stadium;2.307
dk;incremental;True;-1;43;OccurAttrFeaturizer;team;season;0.655
dk;incremental;True;-1;43;OccurAttrFeaturizer;team;manager;3.223
dk;incremental;True;-1;44;OccurAttrFeaturizer;birthyear;name;2.813
dk;incremental;True;-1;44;OccurAttrFeaturizer;birthyear;surname;2.786
dk;incremental;True;-1;44;OccurAttrFeaturizer;birthyear;birthyear;0.0
dk;incremental;True;-1;44;OccurAttrFeaturizer;birthyear;birthplace;1.535
dk;incremental;True;-1;44;OccurAttrFeaturizer;birthyear;position;0.045
dk;incremental;True;-1;44;OccurAttrFeaturizer;birthyear;team;0.303
dk;incremental;True;-1;44;OccurAttrFeaturizer;birthyear;city;0.213
dk;incremental;True;-1;44;OccurAttrFeaturizer;birthyear;stadium;0.232
dk;incremental;True;-1;44;OccurAttrFeaturizer;birthyear;season;0.054
dk;incremental;True;-1;44;OccurAttrFeaturizer;birthyear;manager;0.348
dk;incremental;True;-1;45;OccurAttrFeaturizer;season;name;1.284
dk;incremental;True;-1;45;OccurAttrFeaturizer;season;surname;1.298
dk;incremental;True;-1;45;OccurAttrFeaturizer;season;birthyear;-0.094
dk;incremental;True;-1;45;OccurAttrFeaturizer;season;birthplace;0.819
dk;incremental;True;-1;45;OccurAttrFeaturizer;season;position;-0.072
dk;incremental;True;-1;45;OccurAttrFeaturizer;season;team;2.192
dk;incremental;True;-1;45;OccurAttrFeaturizer;season;city;0.678
dk;incremental;True;-1;45;OccurAttrFeaturizer;season;stadium;0.822
dk;incremental;True;-1;45;OccurAttrFeaturizer;season;season;0.0
dk;incremental;True;-1;45;OccurAttrFeaturizer;season;manager;2.565
dk;incremental;True;-1;46;OccurAttrFeaturizer;birthplace;name;3.49
dk;incremental;True;-1;46;OccurAttrFeaturizer;birthplace;surname;3.422
dk;incremental;True;-1;46;OccurAttrFeaturizer;birthplace;birthyear;0.382
dk;incremental;True;-1;46;OccurAttrFeaturizer;birthplace;birthplace;-0.0
dk;incremental;True;-1;46;OccurAttrFeaturizer;birthplace;position;0.026
dk;incremental;True;-1;46;OccurAttrFeaturizer;birthplace;team;0.258
dk;incremental;True;-1;46;OccurAttrFeaturizer;birthplace;city;0.19
dk;incremental;True;-1;46;OccurAttrFeaturizer;birthplace;stadium;0.2
dk;incremental;True;-1;46;OccurAttrFeaturizer;birthplace;season;0.029
dk;incremental;True;-1;46;OccurAttrFeaturizer;birthplace;manager;0.325
dk;incremental;True;-1;48;OccurAttrFeaturizer;birthyear;name;2.813
dk;incremental;True;-1;48;OccurAttrFeaturizer;birthyear;surname;2.786
dk;incremental;True;-1;48;OccurAttrFeaturizer;birthyear;birthyear;0.0
dk;incremental;True;-1;48;OccurAttrFeaturizer;birthyear;birthplace;1.535
dk;incremental;True;-1;48;OccurAttrFeaturizer;birthyear;position;0.045
dk;incremental;True;-1;48;OccurAttrFeaturizer;birthyear;team;0.303
dk;incremental;True;-1;48;OccurAttrFeaturizer;birthyear;city;0.213
dk;incremental;True;-1;48;OccurAttrFeaturizer;birthyear;stadium;0.232
dk;incremental;True;-1;48;OccurAttrFeaturizer;birthyear;season;0.054
dk;incremental;True;-1;48;OccurAttrFeaturizer;birthyear;manager;0.348
dk;incremental;True;-1;49;OccurAttrFeaturizer;team;name;1.867
dk;incremental;True;-1;49;OccurAttrFeaturizer;team;surname;1.855
dk;incremental;True;-1;49;OccurAttrFeaturizer;team;birthyear;0.224
dk;incremental;True;-1;49;OccurAttrFeaturizer;team;birthplace;1.13
dk;incremental;True;-1;49;OccurAttrFeaturizer;team;position;0.009
dk;incremental;True;-1;49;OccurAttrFeaturizer;team;team;0.0
dk;incremental;True;-1;49;OccurAttrFeaturizer;team;city;2.278
dk;incremental;True;-1;49;OccurAttrFeaturizer;team;stadium;2.307
dk;incremental;True;-1;49;OccurAttrFeaturizer;team;season;0.655
dk;incremental;True;-1;49;OccurAttrFeaturizer;team;manager;3.223
dk;incremental;True;-1;51;OccurAttrFeaturizer;season;name;1.284
dk;incremental;True;-1;51;OccurAttrFeaturizer;season;surname;1.298
dk;incremental;True;-1;51;OccurAttrFeaturizer;season;birthyear;-0.094
dk;incremental;True;-1;51;OccurAttrFeaturizer;season;birthplace;0.819
dk;incremental;True;-1;51;OccurAttrFeaturizer;season;position;-0.072
dk;incremental;True;-1;51;OccurAttrFeaturizer;season;team;2.192
dk;incremental;True;-1;51;OccurAttrFeaturizer;season;city;0.678
dk;incremental;True;-1;51;OccurAttrFeaturizer;season;stadium;0.822
dk;incremental;True;-1;51;OccurAttrFeaturizer;season;season;0.0
dk;incremental;True;-1;51;OccurAttrFeaturizer;season;manager;2.565
dk;incremental;True;-1;52;OccurAttrFeaturizer;birthyear;name;2.813
dk;incremental;True;-1;52;OccurAttrFeaturizer;birthyear;surname;2.786
dk;incremental;True;-1;52;OccurAttrFeaturizer;birthyear;birthyear;0.0
dk;incremental;True;-1;52;OccurAttrFeaturizer;birthyear;birthplace;1.535
dk;incremental;True;-1;52;OccurAttrFeaturizer;birthyear;position;0.045
dk;incremental;True;-1;52;OccurAttrFeaturizer;birthyear;team;0.303
dk;incremental;True;-1;52;OccurAttrFeaturizer;birthyear;city;0.213
dk;incremental;True;-1;52;OccurAttrFeaturizer;birthyear;stadium;0.232
dk;incremental;True;-1;52;OccurAttrFeaturizer;birthyear;season;0.054
dk;incremental;True;-1;52;OccurAttrFeaturizer;birthyear;manager;0.348
dk;incremental;True;-1;53;OccurAttrFeaturizer;manager;name;2.873
dk;incremental;True;-1;53;OccurAttrFeaturizer;manager;surname;2.841
dk;incremental;True;-1;53;OccurAttrFeaturizer;manager;birthyear;0.378
dk;incremental;True;-1;53;OccurAttrFeaturizer;manager;birthplace;1.795
dk;incremental;True;-1;53;OccurAttrFeaturizer;manager;position;0.05
dk;incremental;True;-1;53;OccurAttrFeaturizer;manager;team;3.69
dk;incremental;True;-1;53;OccurAttrFeaturizer;manager;city;1.817
dk;incremental;True;-1;53;OccurAttrFeaturizer;manager;stadium;1.792
dk;incremental;True;-1;53;OccurAttrFeaturizer;manager;season;0.886
dk;incremental;True;-1;53;OccurAttrFeaturizer;manager;manager;0.0
dk;incremental;True;-1;55;OccurAttrFeaturizer;city;name;1.623
dk;incremental;True;-1;55;OccurAttrFeaturizer;city;surname;1.612
dk;incremental;True;-1;55;OccurAttrFeaturizer;city;birthyear;0.198
dk;incremental;True;-1;55;OccurAttrFeaturizer;city;birthplace;1.218
dk;incremental;True;-1;55;OccurAttrFeaturizer;city;position;0.085
dk;incremental;True;-1;55;OccurAttrFeaturizer;city;team;2.465
dk;incremental;True;-1;55;OccurAttrFeaturizer;city;city;0.0
dk;incremental;True;-1;55;OccurAttrFeaturizer;city;stadium;2.842
dk;incremental;True;-1;55;OccurAttrFeaturizer;city;season;0.256
dk;incremental;True;-1;55;OccurAttrFeaturizer;city;manager;1.68
dk;incremental;True;-1;55;OccurAttrFeaturizer;season;name;1.284
dk;incremental;True;-1;55;OccurAttrFeaturizer;season;surname;1.298
dk;incremental;True;-1;55;OccurAttrFeaturizer;season;birthyear;-0.094
dk;incremental;True;-1;55;OccurAttrFeaturizer;season;birthplace;0.819
dk;incremental;True;-1;55;OccurAttrFeaturizer;season;position;-0.072
dk;incremental;True;-1;55;OccurAttrFeaturizer;season;team;2.192
dk;incremental;True;-1;55;OccurAttrFeaturizer;season;city;0.678
dk;incremental;True;-1;55;OccurAttrFeaturizer;season;stadium;0.822
dk;incremental;True;-1;55;OccurAttrFeaturizer;season;season;0.0
dk;incremental;True;-1;55;OccurAttrFeaturizer;season;manager;2.565
dk;incremental;True;-1;55;OccurAttrFeaturizer;team;name;1.867
dk;incremental;True;-1;55;OccurAttrFeaturizer;team;surname;1.855
dk;incremental;True;-1;55;OccurAttrFeaturizer;team;birthyear;0.224
dk;incremental;True;-1;55;OccurAttrFeaturizer;team;birthplace;1.13
dk;incremental;True;-1;55;OccurAttrFeaturizer;team;position;0.009
dk;incremental;True;-1;55;OccurAttrFeaturizer;team;team;0.0
dk;incremental;True;-1;55;OccurAttrFeaturizer;team;city;2.278
dk;incremental;True;-1;55;OccurAttrFeaturizer;team;stadium;2.307
dk;incremental;True;-1;55;OccurAttrFeaturizer;team;season;0.655
dk;incremental;True;-1;55;OccurAttrFeaturizer;team;manager;3.223
dk;incremental;True;-1;56;OccurAttrFeaturizer;season;name;1.284
dk;incremental;True;-1;56;OccurAttrFeaturizer;season;surname;1.298
dk;incremental;True;-1;56;OccurAttrFeaturizer;season;birthyear;-0.094
dk;incremental;True;-1;56;OccurAttrFeaturizer;season;birthplace;0.819
dk;incremental;True;-1;56;OccurAttrFeaturizer;season;position;-0.072
dk;incremental;True;-1;56;OccurAttrFeaturizer;season;team;2.192
dk;incremental;True;-1;56;OccurAttrFeaturizer;season;city;0.678
dk;incremental;True;-1;56;OccurAttrFeaturizer;season;stadium;0.822
dk;incremental;True;-1;56;OccurAttrFeaturizer;season;season;0.0
dk;incremental;True;-1;56;OccurAttrFeaturizer;season;manager;2.565
dk;incremental;True;-1;57;OccurAttrFeaturizer;manager;name;2.873
dk;incremental;True;-1;57;OccurAttrFeaturizer;manager;surname;2.841
dk;incremental;True;-1;57;OccurAttrFeaturizer;manager;birthyear;0.378
dk;incremental;True;-1;57;OccurAttrFeaturizer;manager;birthplace;1.795
dk;incremental;True;-1;57;OccurAttrFeaturizer;manager;position;0.05
dk;incremental;True;-1;57;OccurAttrFeaturizer;manager;team;3.69
dk;incremental;True;-1;57;OccurAttrFeaturizer;manager;city;1.817
dk;incremental;True;-1;57;OccurAttrFeaturizer;manager;stadium;1.792
dk;incremental;True;-1;57;OccurAttrFeaturizer;manager;season;0.886
dk;incremental;True;-1;57;OccurAttrFeaturizer;manager;manager;0.0
dk;incremental;True;-1;58;OccurAttrFeaturizer;birthyear;name;2.813
dk;incremental;True;-1;58;OccurAttrFeaturizer;birthyear;surname;2.786
dk;incremental;True;-1;58;OccurAttrFeaturizer;birthyear;birthyear;0.0
dk;incremental;True;-1;58;OccurAttrFeaturizer;birthyear;birthplace;1.535
dk;incremental;True;-1;58;OccurAttrFeaturizer;birthyear;position;0.045
dk;incremental;True;-1;58;OccurAttrFeaturizer;birthyear;team;0.303
dk;incremental;True;-1;58;OccurAttrFeaturizer;birthyear;city;0.213
dk;incremental;True;-1;58;OccurAttrFeaturizer;birthyear;stadium;0.232
dk;incremental;True;-1;58;OccurAttrFeaturizer;birthyear;season;0.054
dk;incremental;True;-1;58;OccurAttrFeaturizer;birthyear;manager;0.348
dk;incremental;True;-1;59;OccurAttrFeaturizer;season;name;1.284
dk;incremental;True;-1;59;OccurAttrFeaturizer;season;surname;1.298
dk;incremental;True;-1;59;OccurAttrFeaturizer;season;birthyear;-0.094
dk;incremental;True;-1;59;OccurAttrFeaturizer;season;birthplace;0.819
dk;incremental;True;-1;59;OccurAttrFeaturizer;season;position;-0.072
dk;incremental;True;-1;59;OccurAttrFeaturizer;season;team;2.192
dk;incremental;True;-1;59;OccurAttrFeaturizer;season;city;0.678
dk;incremental;True;-1;59;OccurAttrFeaturizer;season;stadium;0.822
dk;incremental;True;-1;59;OccurAttrFeaturizer;season;season;0.0
dk;incremental;True;-1;59;OccurAttrFeaturizer;season;manager;2.565
dk;incremental;True;-1;60;OccurAttrFeaturizer;manager;name;2.873
dk;incremental;True;-1;60;OccurAttrFeaturizer;manager;surname;2.841
dk;incremental;True;-1;60;OccurAttrFeaturizer;manager;birthyear;0.378
dk;incremental;True;-1;60;OccurAttrFeaturizer;manager;birthplace;1.795
dk;incremental;True;-1;60;OccurAttrFeaturizer;manager;position;0.05
dk;incremental;True;-1;60;OccurAttrFeaturizer;manager;team;3.69
dk;incremental;True;-1;60;OccurAttrFeaturizer;manager;city;1.817
dk;incremental;True;-1;60;OccurAttrFeaturizer;manager;stadium;1.792
dk;incremental;True;-1;60;OccurAttrFeaturizer;manager;season;0.886
dk;incremental;True;-1;60;OccurAttrFeaturizer;manager;manager;0.0
dk;incremental;True;-1;61;OccurAttrFeaturizer;season;name;1.284
dk;incremental;True;-1;61;OccurAttrFeaturizer;season;surname;1.298
dk;incremental;True;-1;61;OccurAttrFeaturizer;season;birthyear;-0.094
dk;incremental;True;-1;61;OccurAttrFeaturizer;season;birthplace;0.819
dk;incremental;True;-1;61;OccurAttrFeaturizer;season;position;-0.072
dk;incremental;True;-1;61;OccurAttrFeaturizer;season;team;2.192
dk;incremental;True;-1;61;OccurAttrFeaturizer;season;city;0.678
dk;incremental;True;-1;61;OccurAttrFeaturizer;season;stadium;0.822
dk;incremental;True;-1;61;OccurAttrFeaturizer;season;season;0.0
dk;incremental;True;-1;61;OccurAttrFeaturizer;season;manager;2.565
dk;incremental;True;-1;62;OccurAttrFeaturizer;team;name;1.867
dk;incremental;True;-1;62;OccurAttrFeaturizer;team;surname;1.855
dk;incremental;True;-1;62;OccurAttrFeaturizer;team;birthyear;0.224
dk;incremental;True;-1;62;OccurAttrFeaturizer;team;birthplace;1.13
dk;incremental;True;-1;62;OccurAttrFeaturizer;team;position;0.009
dk;incremental;True;-1;62;OccurAttrFeaturizer;team;team;0.0
dk;incremental;True;-1;62;OccurAttrFeaturizer;team;city;2.278
dk;incremental;True;-1;62;OccurAttrFeaturizer;team;stadium;2.307
dk;incremental;True;-1;62;OccurAttrFeaturizer;team;season;0.655
dk;incremental;True;-1;62;OccurAttrFeaturizer;team;manager;3.223
dk;incremental;True;-1;64;OccurAttrFeaturizer;birthplace;name;3.49
dk;incremental;True;-1;64;OccurAttrFeaturizer;birthplace;surname;3.422
dk;incremental;True;-1;64;OccurAttrFeaturizer;birthplace;birthyear;0.382
dk;incremental;True;-1;64;OccurAttrFeaturizer;birthplace;birthplace;-0.0
dk;incremental;True;-1;64;OccurAttrFeaturizer;birthplace;position;0.026
dk;incremental;True;-1;64;OccurAttrFeaturizer;birthplace;team;0.258
dk;incremental;True;-1;64;OccurAttrFeaturizer;birthplace;city;0.19
dk;incremental;True;-1;64;OccurAttrFeaturizer;birthplace;stadium;0.2
dk;incremental;True;-1;64;OccurAttrFeaturizer;birthplace;season;0.029
dk;incremental;True;-1;64;OccurAttrFeaturizer;birthplace;manager;0.325
dk;incremental;True;-1;64;OccurAttrFeaturizer;birthyear;name;2.813
dk;incremental;True;-1;64;OccurAttrFeaturizer;birthyear;surname;2.786
dk;incremental;True;-1;64;OccurAttrFeaturizer;birthyear;birthyear;0.0
dk;incremental;True;-1;64;OccurAttrFeaturizer;birthyear;birthplace;1.535
dk;incremental;True;-1;64;OccurAttrFeaturizer;birthyear;position;0.045
dk;incremental;True;-1;64;OccurAttrFeaturizer;birthyear;team;0.303
dk;incremental;True;-1;64;OccurAttrFeaturizer;birthyear;city;0.213
dk;incremental;True;-1;64;OccurAttrFeaturizer;birthyear;stadium;0.232
dk;incremental;True;-1;64;OccurAttrFeaturizer;birthyear;season;0.054
dk;incremental;True;-1;64;OccurAttrFeaturizer;birthyear;manager;0.348
dk;incremental;True;-1;65;OccurAttrFeaturizer;season;name;1.284
dk;incremental;True;-1;65;OccurAttrFeaturizer;season;surname;1.298
dk;incremental;True;-1;65;OccurAttrFeaturizer;season;birthyear;-0.094
dk;incremental;True;-1;65;OccurAttrFeaturizer;season;birthplace;0.819
dk;incremental;True;-1;65;OccurAttrFeaturizer;season;position;-0.072
dk;incremental;True;-1;65;OccurAttrFeaturizer;season;team;2.192
dk;incremental;True;-1;65;OccurAttrFeaturizer;season;city;0.678
dk;incremental;True;-1;65;OccurAttrFeaturizer;season;stadium;0.822
dk;incremental;True;-1;65;OccurAttrFeaturizer;season;season;0.0
dk;incremental;True;-1;65;OccurAttrFeaturizer;season;manager;2.565
dk;incremental;True;-1;66;OccurAttrFeaturizer;season;name;1.284
dk;incremental;True;-1;66;OccurAttrFeaturizer;season;surname;1.298
dk;incremental;True;-1;66;OccurAttrFeaturizer;season;birthyear;-0.094
dk;incremental;True;-1;66;OccurAttrFeaturizer;season;birthplace;0.819
dk;incremental;True;-1;66;OccurAttrFeaturizer;season;position;-0.072
dk;incremental;True;-1;66;OccurAttrFeaturizer;season;team;2.192
dk;incremental;True;-1;66;OccurAttrFeaturizer;season;city;0.678
dk;incremental;True;-1;66;OccurAttrFeaturizer;season;stadium;0.822
dk;incremental;True;-1;66;OccurAttrFeaturizer;season;season;0.0
dk;incremental;True;-1;66;OccurAttrFeaturizer;season;manager;2.565
dk;incremental;True;-1;67;OccurAttrFeaturizer;position;name;1.947
dk;incremental;True;-1;67;OccurAttrFeaturizer;position;surname;1.941
dk;incremental;True;-1;67;OccurAttrFeaturizer;position;birthyear;0.104
dk;incremental;True;-1;67;OccurAttrFeaturizer;position;birthplace;0.642
dk;incremental;True;-1;67;OccurAttrFeaturizer;position;position;0.0
dk;incremental;True;-1;67;OccurAttrFeaturizer;position;team;1.091
dk;incremental;True;-1;67;OccurAttrFeaturizer;position;city;0.627
dk;incremental;True;-1;67;OccurAttrFeaturizer;position;stadium;0.432
dk;incremental;True;-1;67;OccurAttrFeaturizer;position;season;-0.092
dk;incremental;True;-1;67;OccurAttrFeaturizer;position;manager;0.987
dk;incremental;True;-1;67;OccurAttrFeaturizer;season;name;1.284
dk;incremental;True;-1;67;OccurAttrFeaturizer;season;surname;1.298
dk;incremental;True;-1;67;OccurAttrFeaturizer;season;birthyear;-0.094
dk;incremental;True;-1;67;OccurAttrFeaturizer;season;birthplace;0.819
dk;incremental;True;-1;67;OccurAttrFeaturizer;season;position;-0.072
dk;incremental;True;-1;67;OccurAttrFeaturizer;season;team;2.192
dk;incremental;True;-1;67;OccurAttrFeaturizer;season;city;0.678
dk;incremental;True;-1;67;OccurAttrFeaturizer;season;stadium;0.822
dk;incremental;True;-1;67;OccurAttrFeaturizer;season;season;0.0
dk;incremental;True;-1;67;OccurAttrFeaturizer;season;manager;2.565
dk;incremental;True;-1;68;OccurAttrFeaturizer;manager;name;2.873
dk;incremental;True;-1;68;OccurAttrFeaturizer;manager;surname;2.841
dk;incremental;True;-1;68;OccurAttrFeaturizer;manager;birthyear;0.378
dk;incremental;True;-1;68;OccurAttrFeaturizer;manager;birthplace;1.795
dk;incremental;True;-1;68;OccurAttrFeaturizer;manager;position;0.05
dk;incremental;True;-1;68;OccurAttrFeaturizer;manager;team;3.69
dk;incremental;True;-1;68;OccurAttrFeaturizer;manager;city;1.817
dk;incremental;True;-1;68;OccurAttrFeaturizer;manager;stadium;1.792
dk;incremental;True;-1;68;OccurAttrFeaturizer;manager;season;0.886
dk;incremental;True;-1;68;OccurAttrFeaturizer;manager;manager;0.0
dk;incremental;True;-1;68;OccurAttrFeaturizer;stadium;name;1.694
dk;incremental;True;-1;68;OccurAttrFeaturizer;stadium;surname;1.695
dk;incremental;True;-1;68;OccurAttrFeaturizer;stadium;birthyear;0.224
dk;incremental;True;-1;68;OccurAttrFeaturizer;stadium;birthplace;1.083
dk;incremental;True;-1;68;OccurAttrFeaturizer;stadium;position;0.038
dk;incremental;True;-1;68;OccurAttrFeaturizer;stadium;team;2.52
dk;incremental;True;-1;68;OccurAttrFeaturizer;stadium;city;2.835
dk;incremental;True;-1;68;OccurAttrFeaturizer;stadium;stadium;0.0
dk;incremental;True;-1;68;OccurAttrFeaturizer;stadium;season;0.193
dk;incremental;True;-1;68;OccurAttrFeaturizer;stadium;manager;1.53
dk;incremental;True;-1;69;OccurAttrFeaturizer;city;name;1.623
dk;incremental;True;-1;69;OccurAttrFeaturizer;city;surname;1.612
dk;incremental;True;-1;69;OccurAttrFeaturizer;city;birthyear;0.198
dk;incremental;True;-1;69;OccurAttrFeaturizer;city;birthplace;1.218
dk;incremental;True;-1;69;OccurAttrFeaturizer;city;position;0.085
dk;incremental;True;-1;69;OccurAttrFeaturizer;city;team;2.465
dk;incremental;True;-1;69;OccurAttrFeaturizer;city;city;0.0
dk;incremental;True;-1;69;OccurAttrFeaturizer;city;stadium;2.842
dk;incremental;True;-1;69;OccurAttrFeaturizer;city;season;0.256
dk;incremental;True;-1;69;OccurAttrFeaturizer;city;manager;1.68
dk;incremental;True;-1;70;OccurAttrFeaturizer;position;name;1.947
dk;incremental;True;-1;70;OccurAttrFeaturizer;position;surname;1.941
dk;incremental;True;-1;70;OccurAttrFeaturizer;position;birthyear;0.104
dk;incremental;True;-1;70;OccurAttrFeaturizer;position;birthplace;0.642
dk;incremental;True;-1;70;OccurAttrFeaturizer;position;position;0.0
dk;incremental;True;-1;70;OccurAttrFeaturizer;position;team;1.091
dk;incremental;True;-1;70;OccurAttrFeaturizer;position;city;0.627
dk;incremental;True;-1;70;OccurAttrFeaturizer;position;stadium;0.432
dk;incremental;True;-1;70;OccurAttrFeaturizer;position;season;-0.092
dk;incremental;True;-1;70;OccurAttrFeaturizer;position;manager;0.987
dk;incremental;True;-1;71;OccurAttrFeaturizer;city;name;1.623
dk;incremental;True;-1;71;OccurAttrFeaturizer;city;surname;1.612
dk;incremental;True;-1;71;OccurAttrFeaturizer;city;birthyear;0.198
dk;incremental;True;-1;71;OccurAttrFeaturizer;city;birthplace;1.218
dk;incremental;True;-1;71;OccurAttrFeaturizer;city;position;0.085
dk;incremental;True;-1;71;OccurAttrFeaturizer;city;team;2.465
dk;incremental;True;-1;71;OccurAttrFeaturizer;city;city;0.0
dk;incremental;True;-1;71;OccurAttrFeaturizer;city;stadium;2.842
dk;incremental;True;-1;71;OccurAttrFeaturizer;city;season;0.256
dk;incremental;True;-1;71;OccurAttrFeaturizer;city;manager;1.68
dk;incremental;True;-1;71;OccurAttrFeaturizer;season;name;1.284
dk;incremental;True;-1;71;OccurAttrFeaturizer;season;surname;1.298
dk;incremental;True;-1;71;OccurAttrFeaturizer;season;birthyear;-0.094
dk;incremental;True;-1;71;OccurAttrFeaturizer;season;birthplace;0.819
dk;incremental;True;-1;71;OccurAttrFeaturizer;season;position;-0.072
dk;incremental;True;-1;71;OccurAttrFeaturizer;season;team;2.192
dk;incremental;True;-1;71;OccurAttrFeaturizer;season;city;0.678
dk;incremental;True;-1;71;OccurAttrFeaturizer;season;stadium;0.822
dk;incremental;True;-1;71;OccurAttrFeaturizer;season;season;0.0
dk;incremental;True;-1;71;OccurAttrFeaturizer;season;manager;2.565
dk;incremental;True;-1;72;OccurAttrFeaturizer;season;name;1.284
dk;incremental;True;-1;72;OccurAttrFeaturizer;season;surname;1.298
dk;incremental;True;-1;72;OccurAttrFeaturizer;season;birthyear;-0.094
dk;incremental;True;-1;72;OccurAttrFeaturizer;season;birthplace;0.819
dk;incremental;True;-1;72;OccurAttrFeaturizer;season;position;-0.072
dk;incremental;True;-1;72;OccurAttrFeaturizer;season;team;2.192
dk;incremental;True;-1;72;OccurAttrFeaturizer;season;city;0.678
dk;incremental;True;-1;72;OccurAttrFeaturizer;season;stadium;0.822
dk;incremental;True;-1;72;OccurAttrFeaturizer;season;season;0.0
dk;incremental;True;-1;72;OccurAttrFeaturizer;season;manager;2.565
dk;incremental;True;-1;72;OccurAttrFeaturizer;team;name;1.867
dk;incremental;True;-1;72;OccurAttrFeaturizer;team;surname;1.855
dk;incremental;True;-1;72;OccurAttrFeaturizer;team;birthyear;0.224
dk;incremental;True;-1;72;OccurAttrFeaturizer;team;birthplace;1.13
dk;incremental;True;-1;72;OccurAttrFeaturizer;team;position;0.009
dk;incremental;True;-1;72;OccurAttrFeaturizer;team;team;0.0
dk;incremental;True;-1;72;OccurAttrFeaturizer;team;city;2.278
dk;incremental;True;-1;72;OccurAttrFeaturizer;team;stadium;2.307
dk;incremental;True;-1;72;OccurAttrFeaturizer;team;season;0.655
dk;incremental;True;-1;72;OccurAttrFeaturizer;team;manager;3.223
dk;incremental;True;-1;73;OccurAttrFeaturizer;birthplace;name;3.49
dk;incremental;True;-1;73;OccurAttrFeaturizer;birthplace;surname;3.422
dk;incremental;True;-1;73;OccurAttrFeaturizer;birthplace;birthyear;0.382
dk;incremental;True;-1;73;OccurAttrFeaturizer;birthplace;birthplace;-0.0
dk;incremental;True;-1;73;OccurAttrFeaturizer;birthplace;position;0.026
dk;incremental;True;-1;73;OccurAttrFeaturizer;birthplace;team;0.258
dk;incremental;True;-1;73;OccurAttrFeaturizer;birthplace;city;0.19
dk;incremental;True;-1;73;OccurAttrFeaturizer;birthplace;stadium;0.2
dk;incremental;True;-1;73;OccurAttrFeaturizer;birthplace;season;0.029
dk;incremental;True;-1;73;OccurAttrFeaturizer;birthplace;manager;0.325
dk;incremental;True;-1;73;OccurAttrFeaturizer;team;name;1.867
dk;incremental;True;-1;73;OccurAttrFeaturizer;team;surname;1.855
dk;incremental;True;-1;73;OccurAttrFeaturizer;team;birthyear;0.224
dk;incremental;True;-1;73;OccurAttrFeaturizer;team;birthplace;1.13
dk;incremental;True;-1;73;OccurAttrFeaturizer;team;position;0.009
dk;incremental;True;-1;73;OccurAttrFeaturizer;team;team;0.0
dk;incremental;True;-1;73;OccurAttrFeaturizer;team;city;2.278
dk;incremental;True;-1;73;OccurAttrFeaturizer;team;stadium;2.307
dk;incremental;True;-1;73;OccurAttrFeaturizer;team;season;0.655
dk;incremental;True;-1;73;OccurAttrFeaturizer;team;manager;3.223
dk;incremental;True;-1;74;OccurAttrFeaturizer;season;name;1.284
dk;incremental;True;-1;74;OccurAttrFeaturizer;season;surname;1.298
dk;incremental;True;-1;74;OccurAttrFeaturizer;season;birthyear;-0.094
dk;incremental;True;-1;74;OccurAttrFeaturizer;season;birthplace;0.819
dk;incremental;True;-1;74;OccurAttrFeaturizer;season;position;-0.072
dk;incremental;True;-1;74;OccurAttrFeaturizer;season;team;2.192
dk;incremental;True;-1;74;OccurAttrFeaturizer;season;city;0.678
dk;incremental;True;-1;74;OccurAttrFeaturizer;season;stadium;0.822
dk;incremental;True;-1;74;OccurAttrFeaturizer;season;season;0.0
dk;incremental;True;-1;74;OccurAttrFeaturizer;season;manager;2.565
dk;incremental;True;-1;75;OccurAttrFeaturizer;manager;name;2.873
dk;incremental;True;-1;75;OccurAttrFeaturizer;manager;surname;2.841
dk;incremental;True;-1;75;OccurAttrFeaturizer;manager;birthyear;0.378
dk;incremental;True;-1;75;OccurAttrFeaturizer;manager;birthplace;1.795
dk;incremental;True;-1;75;OccurAttrFeaturizer;manager;position;0.05
dk;incremental;True;-1;75;OccurAttrFeaturizer;manager;team;3.69
dk;incremental;True;-1;75;OccurAttrFeaturizer;manager;city;1.817
dk;incremental;True;-1;75;OccurAttrFeaturizer;manager;stadium;1.792
dk;incremental;True;-1;75;OccurAttrFeaturizer;manager;season;0.886
dk;incremental;True;-1;75;OccurAttrFeaturizer;manager;manager;0.0
dk;incremental;True;-1;75;OccurAttrFeaturizer;season;name;1.284
dk;incremental;True;-1;75;OccurAttrFeaturizer;season;surname;1.298
dk;incremental;True;-1;75;OccurAttrFeaturizer;season;birthyear;-0.094
dk;incremental;True;-1;75;OccurAttrFeaturizer;season;birthplace;0.819
dk;incremental;True;-1;75;OccurAttrFeaturizer;season;position;-0.072
dk;incremental;True;-1;75;OccurAttrFeaturizer;season;team;2.192
dk;incremental;True;-1;75;OccurAttrFeaturizer;season;city;0.678
dk;incremental;True;-1;75;OccurAttrFeaturizer;season;stadium;0.822
dk;incremental;True;-1;75;OccurAttrFeaturizer;season;season;0.0
dk;incremental;True;-1;75;OccurAttrFeaturizer;season;manager;2.565
dk;incremental;True;-1;75;OccurAttrFeaturizer;team;name;1.867
dk;incremental;True;-1;75;OccurAttrFeaturizer;team;surname;1.855
dk;incremental;True;-1;75;OccurAttrFeaturizer;team;birthyear;0.224
dk;incremental;True;-1;75;OccurAttrFeaturizer;team;birthplace;1.13
dk;incremental;True;-1;75;OccurAttrFeaturizer;team;position;0.009
dk;incremental;True;-1;75;OccurAttrFeaturizer;team;team;0.0
dk;incremental;True;-1;75;OccurAttrFeaturizer;team;city;2.278
dk;incremental;True;-1;75;OccurAttrFeaturizer;team;stadium;2.307
dk;incremental;True;-1;75;OccurAttrFeaturizer;team;season;0.655
dk;incremental;True;-1;75;OccurAttrFeaturizer;team;manager;3.223
dk;incremental;True;-1;76;OccurAttrFeaturizer;birthyear;name;2.813
dk;incremental;True;-1;76;OccurAttrFeaturizer;birthyear;surname;2.786
dk;incremental;True;-1;76;OccurAttrFeaturizer;birthyear;birthyear;0.0
dk;incremental;True;-1;76;OccurAttrFeaturizer;birthyear;birthplace;1.535
dk;incremental;True;-1;76;OccurAttrFeaturizer;birthyear;position;0.045
dk;incremental;True;-1;76;OccurAttrFeaturizer;birthyear;team;0.303
dk;incremental;True;-1;76;OccurAttrFeaturizer;birthyear;city;0.213
dk;incremental;True;-1;76;OccurAttrFeaturizer;birthyear;stadium;0.232
dk;incremental;True;-1;76;OccurAttrFeaturizer;birthyear;season;0.054
dk;incremental;True;-1;76;OccurAttrFeaturizer;birthyear;manager;0.348
dk;incremental;True;-1;76;OccurAttrFeaturizer;manager;name;2.873
dk;incremental;True;-1;76;OccurAttrFeaturizer;manager;surname;2.841
dk;incremental;True;-1;76;OccurAttrFeaturizer;manager;birthyear;0.378
dk;incremental;True;-1;76;OccurAttrFeaturizer;manager;birthplace;1.795
dk;incremental;True;-1;76;OccurAttrFeaturizer;manager;position;0.05
dk;incremental;True;-1;76;OccurAttrFeaturizer;manager;team;3.69
dk;incremental;True;-1;76;OccurAttrFeaturizer;manager;city;1.817
dk;incremental;True;-1;76;OccurAttrFeaturizer;manager;stadium;1.792
dk;incremental;True;-1;76;OccurAttrFeaturizer;manager;season;0.886
dk;incremental;True;-1;76;OccurAttrFeaturizer;manager;manager;0.0
dk;incremental;True;-1;76;OccurAttrFeaturizer;season;name;1.284
dk;incremental;True;-1;76;OccurAttrFeaturizer;season;surname;1.298
dk;incremental;True;-1;76;OccurAttrFeaturizer;season;birthyear;-0.094
dk;incremental;True;-1;76;OccurAttrFeaturizer;season;birthplace;0.819
dk;incremental;True;-1;76;OccurAttrFeaturizer;season;position;-0.072
dk;incremental;True;-1;76;OccurAttrFeaturizer;season;team;2.192
dk;incremental;True;-1;76;OccurAttrFeaturizer;season;city;0.678
dk;incremental;True;-1;76;OccurAttrFeaturizer;season;stadium;0.822
dk;incremental;True;-1;76;OccurAttrFeaturizer;season;season;0.0
dk;incremental;True;-1;76;OccurAttrFeaturizer;season;manager;2.565
dk;incremental;True;-1;76;OccurAttrFeaturizer;team;name;1.867
dk;incremental;True;-1;76;OccurAttrFeaturizer;team;surname;1.855
dk;incremental;True;-1;76;OccurAttrFeaturizer;team;birthyear;0.224
dk;incremental;True;-1;76;OccurAttrFeaturizer;team;birthplace;1.13
dk;incremental;True;-1;76;OccurAttrFeaturizer;team;position;0.009
dk;incremental;True;-1;76;OccurAttrFeaturizer;team;team;0.0
dk;incremental;True;-1;76;OccurAttrFeaturizer;team;city;2.278
dk;incremental;True;-1;76;OccurAttrFeaturizer;team;stadium;2.307
dk;incremental;True;-1;76;OccurAttrFeaturizer;team;season;0.655
dk;incremental;True;-1;76;OccurAttrFeaturizer;team;manager;3.223
dk;incremental;True;-1;78;OccurAttrFeaturizer;birthplace;name;3.49
dk;incremental;True;-1;78;OccurAttrFeaturizer;birthplace;surname;3.422
dk;incremental;True;-1;78;OccurAttrFeaturizer;birthplace;birthyear;0.382
dk;incremental;True;-1;78;OccurAttrFeaturizer;birthplace;birthplace;-0.0
dk;incremental;True;-1;78;OccurAttrFeaturizer;birthplace;position;0.026
dk;incremental;True;-1;78;OccurAttrFeaturizer;birthplace;team;0.258
dk;incremental;True;-1;78;OccurAttrFeaturizer;birthplace;city;0.19
dk;incremental;True;-1;78;OccurAttrFeaturizer;birthplace;stadium;0.2
dk;incremental;True;-1;78;OccurAttrFeaturizer;birthplace;season;0.029
dk;incremental;True;-1;78;OccurAttrFeaturizer;birthplace;manager;0.325
dk;incremental;True;-1;78;OccurAttrFeaturizer;season;name;1.284
dk;incremental;True;-1;78;OccurAttrFeaturizer;season;surname;1.298
dk;incremental;True;-1;78;OccurAttrFeaturizer;season;birthyear;-0.094
dk;incremental;True;-1;78;OccurAttrFeaturizer;season;birthplace;0.819
dk;incremental;True;-1;78;OccurAttrFeaturizer;season;position;-0.072
dk;incremental;True;-1;78;OccurAttrFeaturizer;season;team;2.192
dk;incremental;True;-1;78;OccurAttrFeaturizer;season;city;0.678
dk;incremental;True;-1;78;OccurAttrFeaturizer;season;stadium;0.822
dk;incremental;True;-1;78;OccurAttrFeaturizer;season;season;0.0
dk;incremental;True;-1;78;OccurAttrFeaturizer;season;manager;2.565
dk;incremental;True;-1;78;OccurAttrFeaturizer;stadium;name;1.694
dk;incremental;True;-1;78;OccurAttrFeaturizer;stadium;surname;1.695
dk;incremental;True;-1;78;OccurAttrFeaturizer;stadium;birthyear;0.224
dk;incremental;True;-1;78;OccurAttrFeaturizer;stadium;birthplace;1.083
dk;incremental;True;-1;78;OccurAttrFeaturizer;stadium;position;0.038
dk;incremental;True;-1;78;OccurAttrFeaturizer;stadium;team;2.52
dk;incremental;True;-1;78;OccurAttrFeaturizer;stadium;city;2.835
dk;incremental;True;-1;78;OccurAttrFeaturizer;stadium;stadium;0.0
dk;incremental;True;-1;78;OccurAttrFeaturizer;stadium;season;0.193
dk;incremental;True;-1;78;OccurAttrFeaturizer;stadium;manager;1.53
dk;incremental;True;-1;78;OccurAttrFeaturizer;team;name;1.867
dk;incremental;True;-1;78;OccurAttrFeaturizer;team;surname;1.855
dk;incremental;True;-1;78;OccurAttrFeaturizer;team;birthyear;0.224
dk;incremental;True;-1;78;OccurAttrFeaturizer;team;birthplace;1.13
dk;incremental;True;-1;78;OccurAttrFeaturizer;team;position;0.009
dk;incremental;True;-1;78;OccurAttrFeaturizer;team;team;0.0
dk;incremental;True;-1;78;OccurAttrFeaturizer;team;city;2.278
dk;incremental;True;-1;78;OccurAttrFeaturizer;team;stadium;2.307
dk;incremental;True;-1;78;OccurAttrFeaturizer;team;season;0.655
dk;incremental;True;-1;78;OccurAttrFeaturizer;team;manager;3.223
dk;incremental;True;-1;81;OccurAttrFeaturizer;position;name;1.947
dk;incremental;True;-1;81;OccurAttrFeaturizer;position;surname;1.941
dk;incremental;True;-1;81;OccurAttrFeaturizer;position;birthyear;0.104
dk;incremental;True;-1;81;OccurAttrFeaturizer;position;birthplace;0.642
dk;incremental;True;-1;81;OccurAttrFeaturizer;position;position;0.0
dk;incremental;True;-1;81;OccurAttrFeaturizer;position;team;1.091
dk;incremental;True;-1;81;OccurAttrFeaturizer;position;city;0.627
dk;incremental;True;-1;81;OccurAttrFeaturizer;position;stadium;0.432
dk;incremental;True;-1;81;OccurAttrFeaturizer;position;season;-0.092
dk;incremental;True;-1;81;OccurAttrFeaturizer;position;manager;0.987
dk;incremental;True;-1;82;OccurAttrFeaturizer;stadium;name;1.694
dk;incremental;True;-1;82;OccurAttrFeaturizer;stadium;surname;1.695
dk;incremental;True;-1;82;OccurAttrFeaturizer;stadium;birthyear;0.224
dk;incremental;True;-1;82;OccurAttrFeaturizer;stadium;birthplace;1.083
dk;incremental;True;-1;82;OccurAttrFeaturizer;stadium;position;0.038
dk;incremental;True;-1;82;OccurAttrFeaturizer;stadium;team;2.52
dk;incremental;True;-1;82;OccurAttrFeaturizer;stadium;city;2.835
dk;incremental;True;-1;82;OccurAttrFeaturizer;stadium;stadium;0.0
dk;incremental;True;-1;82;OccurAttrFeaturizer;stadium;season;0.193
dk;incremental;True;-1;82;OccurAttrFeaturizer;stadium;manager;1.53
dk;incremental;True;-1;82;OccurAttrFeaturizer;team;name;1.867
dk;incremental;True;-1;82;OccurAttrFeaturizer;team;surname;1.855
dk;incremental;True;-1;82;OccurAttrFeaturizer;team;birthyear;0.224
dk;incremental;True;-1;82;OccurAttrFeaturizer;team;birthplace;1.13
dk;incremental;True;-1;82;OccurAttrFeaturizer;team;position;0.009
dk;incremental;True;-1;82;OccurAttrFeaturizer;team;team;0.0
dk;incremental;True;-1;82;OccurAttrFeaturizer;team;city;2.278
dk;incremental;True;-1;82;OccurAttrFeaturizer;team;stadium;2.307
dk;incremental;True;-1;82;OccurAttrFeaturizer;team;season;0.655
dk;incremental;True;-1;82;OccurAttrFeaturizer;team;manager;3.223
dk;incremental;True;-1;84;OccurAttrFeaturizer;birthyear;name;2.813
dk;incremental;True;-1;84;OccurAttrFeaturizer;birthyear;surname;2.786
dk;incremental;True;-1;84;OccurAttrFeaturizer;birthyear;birthyear;0.0
dk;incremental;True;-1;84;OccurAttrFeaturizer;birthyear;birthplace;1.535
dk;incremental;True;-1;84;OccurAttrFeaturizer;birthyear;position;0.045
dk;incremental;True;-1;84;OccurAttrFeaturizer;birthyear;team;0.303
dk;incremental;True;-1;84;OccurAttrFeaturizer;birthyear;city;0.213
dk;incremental;True;-1;84;OccurAttrFeaturizer;birthyear;stadium;0.232
dk;incremental;True;-1;84;OccurAttrFeaturizer;birthyear;season;0.054
dk;incremental;True;-1;84;OccurAttrFeaturizer;birthyear;manager;0.348
dk;incremental;True;-1;84;OccurAttrFeaturizer;season;name;1.284
dk;incremental;True;-1;84;OccurAttrFeaturizer;season;surname;1.298
dk;incremental;True;-1;84;OccurAttrFeaturizer;season;birthyear;-0.094
dk;incremental;True;-1;84;OccurAttrFeaturizer;season;birthplace;0.819
dk;incremental;True;-1;84;OccurAttrFeaturizer;season;position;-0.072
dk;incremental;True;-1;84;OccurAttrFeaturizer;season;team;2.192
dk;incremental;True;-1;84;OccurAttrFeaturizer;season;city;0.678
dk;incremental;True;-1;84;OccurAttrFeaturizer;season;stadium;0.822
dk;incremental;True;-1;84;OccurAttrFeaturizer;season;season;0.0
dk;incremental;True;-1;84;OccurAttrFeaturizer;season;manager;2.565
dk;incremental;True;-1;84;OccurAttrFeaturizer;stadium;name;1.694
dk;incremental;True;-1;84;OccurAttrFeaturizer;stadium;surname;1.695
dk;incremental;True;-1;84;OccurAttrFeaturizer;stadium;birthyear;0.224
dk;incremental;True;-1;84;OccurAttrFeaturizer;stadium;birthplace;1.083
dk;incremental;True;-1;84;OccurAttrFeaturizer;stadium;position;0.038
dk;incremental;True;-1;84;OccurAttrFeaturizer;stadium;team;2.52
dk;incremental;True;-1;84;OccurAttrFeaturizer;stadium;city;2.835
dk;incremental;True;-1;84;OccurAttrFeaturizer;stadium;stadium;0.0
dk;incremental;True;-1;84;OccurAttrFeaturizer;stadium;season;0.193
dk;incremental;True;-1;84;OccurAttrFeaturizer;stadium;manager;1.53
dk;incremental;True;-1;85;OccurAttrFeaturizer;city;name;1.623
dk;incremental;True;-1;85;OccurAttrFeaturizer;city;surname;1.612
dk;incremental;True;-1;85;OccurAttrFeaturizer;city;birthyear;0.198
dk;incremental;True;-1;85;OccurAttrFeaturizer;city;birthplace;1.218
dk;incremental;True;-1;85;OccurAttrFeaturizer;city;position;0.085
dk;incremental;True;-1;85;OccurAttrFeaturizer;city;team;2.465
dk;incremental;True;-1;85;OccurAttrFeaturizer;city;city;0.0
dk;incremental;True;-1;85;OccurAttrFeaturizer;city;stadium;2.842
dk;incremental;True;-1;85;OccurAttrFeaturizer;city;season;0.256
dk;incremental;True;-1;85;OccurAttrFeaturizer;city;manager;1.68
dk;incremental;True;-1;86;OccurAttrFeaturizer;birthyear;name;2.813
dk;incremental;True;-1;86;OccurAttrFeaturizer;birthyear;surname;2.786
dk;incremental;True;-1;86;OccurAttrFeaturizer;birthyear;birthyear;0.0
dk;incremental;True;-1;86;OccurAttrFeaturizer;birthyear;birthplace;1.535
dk;incremental;True;-1;86;OccurAttrFeaturizer;birthyear;position;0.045
dk;incremental;True;-1;86;OccurAttrFeaturizer;birthyear;team;0.303
dk;incremental;True;-1;86;OccurAttrFeaturizer;birthyear;city;0.213
dk;incremental;True;-1;86;OccurAttrFeaturizer;birthyear;stadium;0.232
dk;incremental;True;-1;86;OccurAttrFeaturizer;birthyear;season;0.054
dk;incremental;True;-1;86;OccurAttrFeaturizer;birthyear;manager;0.348
dk;incremental;True;-1;86;OccurAttrFeaturizer;season;name;1.284
dk;incremental;True;-1;86;OccurAttrFeaturizer;season;surname;1.298
dk;incremental;True;-1;86;OccurAttrFeaturizer;season;birthyear;-0.094
dk;incremental;True;-1;86;OccurAttrFeaturizer;season;birthplace;0.819
dk;incremental;True;-1;86;OccurAttrFeaturizer;season;position;-0.072
dk;incremental;True;-1;86;OccurAttrFeaturizer;season;team;2.192
dk;incremental;True;-1;86;OccurAttrFeaturizer;season;city;0.678
dk;incremental;True;-1;86;OccurAttrFeaturizer;season;stadium;0.822
dk;incremental;True;-1;86;OccurAttrFeaturizer;season;season;0.0
dk;incremental;True;-1;86;OccurAttrFeaturizer;season;manager;2.565
dk;incremental;True;-1;87;OccurAttrFeaturizer;season;name;1.284
dk;incremental;True;-1;87;OccurAttrFeaturizer;season;surname;1.298
dk;incremental;True;-1;87;OccurAttrFeaturizer;season;birthyear;-0.094
dk;incremental;True;-1;87;OccurAttrFeaturizer;season;birthplace;0.819
dk;incremental;True;-1;87;OccurAttrFeaturizer;season;position;-0.072
dk;incremental;True;-1;87;OccurAttrFeaturizer;season;team;2.192
dk;incremental;True;-1;87;OccurAttrFeaturizer;season;city;0.678
dk;incremental;True;-1;87;OccurAttrFeaturizer;season;stadium;0.822
dk;incremental;True;-1;87;OccurAttrFeaturizer;season;season;0.0
dk;incremental;True;-1;87;OccurAttrFeaturizer;season;manager;2.565
dk;incremental;True;-1;87;OccurAttrFeaturizer;team;name;1.867
dk;incremental;True;-1;87;OccurAttrFeaturizer;team;surname;1.855
dk;incremental;True;-1;87;OccurAttrFeaturizer;team;birthyear;0.224
dk;incremental;True;-1;87;OccurAttrFeaturizer;team;birthplace;1.13
dk;incremental;True;-1;87;OccurAttrFeaturizer;team;position;0.009
dk;incremental;True;-1;87;OccurAttrFeaturizer;team;team;0.0
dk;incremental;True;-1;87;OccurAttrFeaturizer;team;city;2.278
dk;incremental;True;-1;87;OccurAttrFeaturizer;team;stadium;2.307
dk;incremental;True;-1;87;OccurAttrFeaturizer;team;season;0.655
dk;incremental;True;-1;87;OccurAttrFeaturizer;team;manager;3.223
dk;incremental;True;-1;89;OccurAttrFeaturizer;birthplace;name;3.49
dk;incremental;True;-1;89;OccurAttrFeaturizer;birthplace;surname;3.422
dk;incremental;True;-1;89;OccurAttrFeaturizer;birthplace;birthyear;0.382
dk;incremental;True;-1;89;OccurAttrFeaturizer;birthplace;birthplace;-0.0
dk;incremental;True;-1;89;OccurAttrFeaturizer;birthplace;position;0.026
dk;incremental;True;-1;89;OccurAttrFeaturizer;birthplace;team;0.258
dk;incremental;True;-1;89;OccurAttrFeaturizer;birthplace;city;0.19
dk;incremental;True;-1;89;OccurAttrFeaturizer;birthplace;stadium;0.2
dk;incremental;True;-1;89;OccurAttrFeaturizer;birthplace;season;0.029
dk;incremental;True;-1;89;OccurAttrFeaturizer;birthplace;manager;0.325
dk;incremental;True;-1;90;OccurAttrFeaturizer;stadium;name;1.694
dk;incremental;True;-1;90;OccurAttrFeaturizer;stadium;surname;1.695
dk;incremental;True;-1;90;OccurAttrFeaturizer;stadium;birthyear;0.224
dk;incremental;True;-1;90;OccurAttrFeaturizer;stadium;birthplace;1.083
dk;incremental;True;-1;90;OccurAttrFeaturizer;stadium;position;0.038
dk;incremental;True;-1;90;OccurAttrFeaturizer;stadium;team;2.52
dk;incremental;True;-1;90;OccurAttrFeaturizer;stadium;city;2.835
dk;incremental;True;-1;90;OccurAttrFeaturizer;stadium;stadium;0.0
dk;incremental;True;-1;90;OccurAttrFeaturizer;stadium;season;0.193
dk;incremental;True;-1;90;OccurAttrFeaturizer;stadium;manager;1.53
dk;incremental;True;-1;92;OccurAttrFeaturizer;birthyear;name;2.813
dk;incremental;True;-1;92;OccurAttrFeaturizer;birthyear;surname;2.786
dk;incremental;True;-1;92;OccurAttrFeaturizer;birthyear;birthyear;0.0
dk;incremental;True;-1;92;OccurAttrFeaturizer;birthyear;birthplace;1.535
dk;incremental;True;-1;92;OccurAttrFeaturizer;birthyear;position;0.045
dk;incremental;True;-1;92;OccurAttrFeaturizer;birthyear;team;0.303
dk;incremental;True;-1;92;OccurAttrFeaturizer;birthyear;city;0.213
dk;incremental;True;-1;92;OccurAttrFeaturizer;birthyear;stadium;0.232
dk;incremental;True;-1;92;OccurAttrFeaturizer;birthyear;season;0.054
dk;incremental;True;-1;92;OccurAttrFeaturizer;birthyear;manager;0.348
dk;incremental;True;-1;92;OccurAttrFeaturizer;position;name;1.947
dk;incremental;True;-1;92;OccurAttrFeaturizer;position;surname;1.941
dk;incremental;True;-1;92;OccurAttrFeaturizer;position;birthyear;0.104
dk;incremental;True;-1;92;OccurAttrFeaturizer;position;birthplace;0.642
dk;incremental;True;-1;92;OccurAttrFeaturizer;position;position;0.0
dk;incremental;True;-1;92;OccurAttrFeaturizer;position;team;1.091
dk;incremental;True;-1;92;OccurAttrFeaturizer;position;city;0.627
dk;incremental;True;-1;92;OccurAttrFeaturizer;position;stadium;0.432
dk;incremental;True;-1;92;OccurAttrFeaturizer;position;season;-0.092
dk;incremental;True;-1;92;OccurAttrFeaturizer;position;manager;0.987
dk;incremental;True;-1;94;OccurAttrFeaturizer;position;name;1.947
dk;incremental;True;-1;94;OccurAttrFeaturizer;position;surname;1.941
dk;incremental;True;-1;94;OccurAttrFeaturizer;position;birthyear;0.104
dk;incremental;True;-1;94;OccurAttrFeaturizer;position;birthplace;0.642
dk;incremental;True;-1;94;OccurAttrFeaturizer;position;position;0.0
dk;incremental;True;-1;94;OccurAttrFeaturizer;position;team;1.091
dk;incremental;True;-1;94;OccurAttrFeaturizer;position;city;0.627
dk;incremental;True;-1;94;OccurAttrFeaturizer;position;stadium;0.432
dk;incremental;True;-1;94;OccurAttrFeaturizer;position;season;-0.092
dk;incremental;True;-1;94;OccurAttrFeaturizer;position;manager;0.987
dk;incremental;True;-1;94;OccurAttrFeaturizer;season;name;1.284
dk;incremental;True;-1;94;OccurAttrFeaturizer;season;surname;1.298
dk;incremental;True;-1;94;OccurAttrFeaturizer;season;birthyear;-0.094
dk;incremental;True;-1;94;OccurAttrFeaturizer;season;birthplace;0.819
dk;incremental;True;-1;94;OccurAttrFeaturizer;season;position;-0.072
dk;incremental;True;-1;94;OccurAttrFeaturizer;season;team;2.192
dk;incremental;True;-1;94;OccurAttrFeaturizer;season;city;0.678
dk;incremental;True;-1;94;OccurAttrFeaturizer;season;stadium;0.822
dk;incremental;True;-1;94;OccurAttrFeaturizer;season;season;0.0
dk;incremental;True;-1;94;OccurAttrFeaturizer;season;manager;2.565
dk;incremental;True;-1;95;OccurAttrFeaturizer;city;name;1.623
dk;incremental;True;-1;95;OccurAttrFeaturizer;city;surname;1.612
dk;incremental;True;-1;95;OccurAttrFeaturizer;city;birthyear;0.198
dk;incremental;True;-1;95;OccurAttrFeaturizer;city;birthplace;1.218
dk;incremental;True;-1;95;OccurAttrFeaturizer;city;position;0.085
dk;incremental;True;-1;95;OccurAttrFeaturizer;city;team;2.465
dk;incremental;True;-1;95;OccurAttrFeaturizer;city;city;0.0
dk;incremental;True;-1;95;OccurAttrFeaturizer;city;stadium;2.842
dk;incremental;True;-1;95;OccurAttrFeaturizer;city;season;0.256
dk;incremental;True;-1;95;OccurAttrFeaturizer;city;manager;1.68
dk;incremental;True;-1;97;OccurAttrFeaturizer;birthplace;name;3.49
dk;incremental;True;-1;97;OccurAttrFeaturizer;birthplace;surname;3.422
dk;incremental;True;-1;97;OccurAttrFeaturizer;birthplace;birthyear;0.382
dk;incremental;True;-1;97;OccurAttrFeaturizer;birthplace;birthplace;-0.0
dk;incremental;True;-1;97;OccurAttrFeaturizer;birthplace;position;0.026
dk;incremental;True;-1;97;OccurAttrFeaturizer;birthplace;team;0.258
dk;incremental;True;-1;97;OccurAttrFeaturizer;birthplace;city;0.19
dk;incremental;True;-1;97;OccurAttrFeaturizer;birthplace;stadium;0.2
dk;incremental;True;-1;97;OccurAttrFeaturizer;birthplace;season;0.029
dk;incremental;True;-1;97;OccurAttrFeaturizer;birthplace;manager;0.325
dk;incremental;True;-1;97;OccurAttrFeaturizer;manager;name;2.873
dk;incremental;True;-1;97;OccurAttrFeaturizer;manager;surname;2.841
dk;incremental;True;-1;97;OccurAttrFeaturizer;manager;birthyear;0.378
dk;incremental;True;-1;97;OccurAttrFeaturizer;manager;birthplace;1.795
dk;incremental;True;-1;97;OccurAttrFeaturizer;manager;position;0.05
dk;incremental;True;-1;97;OccurAttrFeaturizer;manager;team;3.69
dk;incremental;True;-1;97;OccurAttrFeaturizer;manager;city;1.817
dk;incremental;True;-1;97;OccurAttrFeaturizer;manager;stadium;1.792
dk;incremental;True;-1;97;OccurAttrFeaturizer;manager;season;0.886
dk;incremental;True;-1;97;OccurAttrFeaturizer;manager;manager;0.0
dk;incremental;True;-1;97;OccurAttrFeaturizer;position;name;1.947
dk;incremental;True;-1;97;OccurAttrFeaturizer;position;surname;1.941
dk;incremental;True;-1;97;OccurAttrFeaturizer;position;birthyear;0.104
dk;incremental;True;-1;97;OccurAttrFeaturizer;position;birthplace;0.642
dk;incremental;True;-1;97;OccurAttrFeaturizer;position;position;0.0
dk;incremental;True;-1;97;OccurAttrFeaturizer;position;team;1.091
dk;incremental;True;-1;97;OccurAttrFeaturizer;position;city;0.627
dk;incremental;True;-1;97;OccurAttrFeaturizer;position;stadium;0.432
dk;incremental;True;-1;97;OccurAttrFeaturizer;position;season;-0.092
dk;incremental;True;-1;97;OccurAttrFeaturizer;position;manager;0.987
dk;incremental;True;-1;97;OccurAttrFeaturizer;season;name;1.284
dk;incremental;True;-1;97;OccurAttrFeaturizer;season;surname;1.298
dk;incremental;True;-1;97;OccurAttrFeaturizer;season;birthyear;-0.094
dk;incremental;True;-1;97;OccurAttrFeaturizer;season;birthplace;0.819
dk;incremental;True;-1;97;OccurAttrFeaturizer;season;position;-0.072
dk;incremental;True;-1;97;OccurAttrFeaturizer;season;team;2.192
dk;incremental;True;-1;97;OccurAttrFeaturizer;season;city;0.678
dk;incremental;True;-1;97;OccurAttrFeaturizer;season;stadium;0.822
dk;incremental;True;-1;97;OccurAttrFeaturizer;season;season;0.0
dk;incremental;True;-1;97;OccurAttrFeaturizer;season;manager;2.565
dk;incremental;True;-1;98;OccurAttrFeaturizer;birthplace;name;3.49
dk;incremental;True;-1;98;OccurAttrFeaturizer;birthplace;surname;3.422
dk;incremental;True;-1;98;OccurAttrFeaturizer;birthplace;birthyear;0.382
dk;incremental;True;-1;98;OccurAttrFeaturizer;birthplace;birthplace;-0.0
dk;incremental;True;-1;98;OccurAttrFeaturizer;birthplace;position;0.026
dk;incremental;True;-1;98;OccurAttrFeaturizer;birthplace;team;0.258
dk;incremental;True;-1;98;OccurAttrFeaturizer;birthplace;city;0.19
dk;incremental;True;-1;98;OccurAttrFeaturizer;birthplace;stadium;0.2
dk;incremental;True;-1;98;OccurAttrFeaturizer;birthplace;season;0.029
dk;incremental;True;-1;98;OccurAttrFeaturizer;birthplace;manager;0.325
dk;incremental;True;-1;99;OccurAttrFeaturizer;team;name;1.867
dk;incremental;True;-1;99;OccurAttrFeaturizer;team;surname;1.855
dk;incremental;True;-1;99;OccurAttrFeaturizer;team;birthyear;0.224
dk;incremental;True;-1;99;OccurAttrFeaturizer;team;birthplace;1.13
dk;incremental;True;-1;99;OccurAttrFeaturizer;team;position;0.009
dk;incremental;True;-1;99;OccurAttrFeaturizer;team;team;0.0
dk;incremental;True;-1;99;OccurAttrFeaturizer;team;city;2.278
dk;incremental;True;-1;99;OccurAttrFeaturizer;team;stadium;2.307
dk;incremental;True;-1;99;OccurAttrFeaturizer;team;season;0.655
dk;incremental;True;-1;99;OccurAttrFeaturizer;team;manager;3.223
dk;incremental;True;-1;100;OccurAttrFeaturizer;manager;name;2.873
dk;incremental;True;-1;100;OccurAttrFeaturizer;manager;surname;2.841
dk;incremental;True;-1;100;OccurAttrFeaturizer;manager;birthyear;0.378
dk;incremental;True;-1;100;OccurAttrFeaturizer;manager;birthplace;1.795
dk;incremental;True;-1;100;OccurAttrFeaturizer;manager;position;0.05
dk;incremental;True;-1;100;OccurAttrFeaturizer;manager;team;3.69
dk;incremental;True;-1;100;OccurAttrFeaturizer;manager;city;1.817
dk;incremental;True;-1;100;OccurAttrFeaturizer;manager;stadium;1.792
dk;incremental;True;-1;100;OccurAttrFeaturizer;manager;season;0.886
dk;incremental;True;-1;100;OccurAttrFeaturizer;manager;manager;0.0
dk;incremental;True;-1;100;OccurAttrFeaturizer;team;name;1.867
dk;incremental;True;-1;100;OccurAttrFeaturizer;team;surname;1.855
dk;incremental;True;-1;100;OccurAttrFeaturizer;team;birthyear;0.224
dk;incremental;True;-1;100;OccurAttrFeaturizer;team;birthplace;1.13
dk;incremental;True;-1;100;OccurAttrFeaturizer;team;position;0.009
dk;incremental;True;-1;100;OccurAttrFeaturizer;team;team;0.0
dk;incremental;True;-1;100;OccurAttrFeaturizer;team;city;2.278
dk;incremental;True;-1;100;OccurAttrFeaturizer;team;stadium;2.307
dk;incremental;True;-1;100;OccurAttrFeaturizer;team;season;0.655
dk;incremental;True;-1;100;OccurAttrFeaturizer;team;manager;3.223
