_tid_,attribute,init_val,correct_val,pred_val,pred_prob,domain_dict
55,address,1938 irving park rd,1938 w irving park rd,1938 w irving park rd,0.634518146514893,"{""1938 irving park rd"": 0.36548182, ""1938 w irving park rd"": 0.63451815}"
66,facilitytype,golden diner,restaurant,restaurant,0.525484442710876,"{""bakery"": 0.030151157, ""daycare above and under 2 years"": 0.02960447, ""golden diner"": 0.33983612, ""grocery store"": 0.03938538, ""restaurant"": 0.52548444, ""school"": 0.035538487}"
137,facilitytype,_nan_,restaurant,restaurant,0.48389533162117,"{""grocery store"": 0.2737556, ""restaurant"": 0.48389533, ""school"": 0.24234901}"
143,facilitytype,_nan_,restaurant,restaurant,0.481783926486969,"{""grocery store"": 0.2893729, ""restaurant"": 0.48178393, ""school"": 0.2288432}"
144,facilitytype,_nan_,restaurant,restaurant,0.481783926486969,"{""grocery store"": 0.2893729, ""restaurant"": 0.48178393, ""school"": 0.2288432}"
145,facilitytype,_nan_,restaurant,restaurant,0.481783926486969,"{""grocery store"": 0.2893729, ""restaurant"": 0.48178393, ""school"": 0.2288432}"
203,facilitytype,_nan_,shelter,restaurant,0.527509093284607,"{""grocery store"": 0.25180644, ""restaurant"": 0.5275091, ""school"": 0.22068444}"
237,facilitytype,_nan_,school,restaurant,0.159779727458954,"{""grocery store"": 0.14439932, ""long term care"": 0.13361858, ""navy pier kiosk"": 0.14057505, ""restaurant"": 0.15977973, ""school"": 0.1369961, ""shelter"": 0.14055969, ""soup kitchen"": 0.14407153}"
243,address,1938 w division st,1938-1940 w division st,1938-1940 w division st,0.47606036067009,"{""1045 w madison st"": 0.39011103, ""1938 w division st"": 0.1338287, ""1938-1940 w division st"": 0.47606036}"
245,facilitytype,_nan_,restaurant,restaurant,0.290529698133469,"{""grocery store"": 0.13760999, ""long term care"": 0.106623426, ""navy pier kiosk"": 0.116959676, ""restaurant"": 0.2905297, ""school"": 0.111491434, ""shelter"": 0.116975404, ""soup kitchen"": 0.11981039}"
254,facilitytype,_nan_,shelter,restaurant,0.434080988168716,"{""grocery store"": 0.20102397, ""long term care"": 0.16652633, ""restaurant"": 0.434081, ""school"": 0.19836871}"
273,facilitytype,_nan_,shelter,restaurant,0.437099575996399,"{""grocery store"": 0.24363635, ""mobile food dispenser"": 0.13305415, ""restaurant"": 0.43709958, ""school"": 0.1862099}"
274,facilitytype,_nan_,restaurant,restaurant,0.281483322381973,"{""grocery store"": 0.15949735, ""mobile food dispenser"": 0.0868501, ""navy pier kiosk"": 0.1146947, ""restaurant"": 0.28148332, ""school"": 0.12531793, ""shelter"": 0.11471012, ""soup kitchen"": 0.11744653}"
282,facilitytype,_nan_,restaurant,restaurant,0.439900279045105,"{""daycare above and under 2 years"": 0.16745533, ""grocery store"": 0.21882361, ""restaurant"": 0.43990028, ""school"": 0.17382085}"
289,facilitytype,_nan_,liquor,restaurant,0.631388247013092,"{""bakery"": 0.07977413, ""grocery store"": 0.10670629, ""mobile food dispenser"": 0.08347492, ""restaurant"": 0.63138825, ""school"": 0.09865638}"
294,facilitytype,_nan_,restaurant,restaurant,0.25614669919014,"{""candy/gelato"": 0.10735975, ""grocery store"": 0.16720842, ""navy pier kiosk"": 0.113080144, ""restaurant"": 0.2561467, ""school"": 0.1272734, ""shelter"": 0.11309535, ""soup kitchen"": 0.115836285}"
315,facilitytype,_nan_,restaurant,restaurant,0.469661325216293,"{""bakery"": 0.28123522, ""grocery store"": 0.12787147, ""restaurant"": 0.46966133, ""school"": 0.12123195}"
322,address,900 n north branch,900 n north branch st,900 n north branch,0.247632727026939,"{""1265 n milwaukee ave"": 0.18105608, ""1550 n kingsbury st"": 0.20391245, ""2637 s throop st"": 0.02033829, ""2637 s throop st fl"": 0.11028386, ""900 n north branch"": 0.24763273, ""900 n north branch st"": 0.23677665}"
322,facilitytype,restaurant,school,school,0.503139555454254,"{""grocery store"": 0.04507062, ""mobile food dispenser"": 0.023956735, ""restaurant"": 0.4278331, ""school"": 0.50313956}"
343,facilitytype,_nan_,grocery store,grocery store,0.537416696548462,"{""grocery store"": 0.5374167, ""restaurant"": 0.3232987, ""school"": 0.13928454}"
344,facilitytype,_nan_,grocery store,grocery store,0.537416696548462,"{""grocery store"": 0.5374167, ""restaurant"": 0.3232987, ""school"": 0.13928454}"
358,facilitytype,_nan_,restaurant,restaurant,0.689139544963837,"{""grocery store"": 0.12285283, ""mobile food dispenser"": 0.09371856, ""restaurant"": 0.68913954, ""school"": 0.09428913}"
434,facilitytype,_nan_,restaurant,restaurant,0.656955063343048,"{""grocery store"": 0.113050945, ""mobile food dispenser"": 0.09307979, ""restaurant"": 0.65695506, ""school"": 0.13691413}"
435,facilitytype,_nan_,restaurant,restaurant,0.656955063343048,"{""grocery store"": 0.113050945, ""mobile food dispenser"": 0.09307979, ""restaurant"": 0.65695506, ""school"": 0.13691413}"
545,facilitytype,_nan_,grocery store,restaurant,0.345465481281281,"{""grocery store"": 0.16016914, ""long term care"": 0.14101878, ""mobile food dispenser"": 0.15383165, ""restaurant"": 0.34546548, ""school"": 0.19951501}"
552,facilitytype,_nan_,restaurant,restaurant,0.70377516746521,"{""grocery store"": 0.10549931, ""long term care"": 0.08452078, ""restaurant"": 0.70377517, ""school"": 0.10620472}"
571,facilitytype,_nan_,restaurant,restaurant,0.622270405292511,"{""grocery store"": 0.2472993, ""restaurant"": 0.6222704, ""school"": 0.1304303}"
610,zip,_nan_,60622,60607,0.228160738945007,"{""60607"": 0.22816074, ""60611"": 0.16256808, ""60612"": 0.17572156, ""60617"": 0.13120314, ""60622"": 0.16324735, ""60640"": 0.13909906}"
615,facilitytype,liquor,restaurant,liquor,0.443261325359344,"{""grocery store"": 0.0405902, ""liquor"": 0.44326133, ""mobile food dispenser"": 0.036680594, ""restaurant"": 0.441998, ""school"": 0.03746991}"
621,facilitytype,grocery store,restaurant,grocery store,0.639345765113831,"{""grocery store"": 0.63934577, ""mobile food dispenser"": 0.033885498, ""restaurant"": 0.28794074, ""school"": 0.03882807}"
626,address,4358 w 51 st st,4358 w 51st st,4358 w 51st st,0.820366680622101,"{""2637 s throop st"": 0.019602073, ""4358 w 51 st st"": 0.16003123, ""4358 w 51st st"": 0.8203667}"
626,facilitytype,liquor,restaurant,restaurant,0.702490746974945,"{""grocery store"": 0.032075685, ""liquor"": 0.20682988, ""mobile food dispenser"": 0.026998425, ""restaurant"": 0.70249075, ""school"": 0.031605233}"
631,facilitytype,liquor,restaurant,restaurant,0.449056297540665,"{""grocery store"": 0.049657494, ""liquor"": 0.42986867, ""mobile food dispenser"": 0.037455056, ""restaurant"": 0.4490563, ""school"": 0.033962555}"
634,facilitytype,grocery store,restaurant,grocery store,0.667331218719482,"{""grocery store"": 0.6673312, ""mobile food dispenser"": 0.03288106, ""restaurant"": 0.26094803, ""school"": 0.038839743}"
646,facilitytype,grocery store,restaurant,grocery store,0.631562292575836,"{""grocery store"": 0.6315623, ""mobile food dispenser"": 0.03267093, ""pharmacy/grocery"": 0.029808061, ""restaurant"": 0.2730823, ""school"": 0.032876424}"
655,address,4358 w 51 st st,4358 w 51st st,4358 w 51st st,0.570563733577728,"{""324 n leavitt st"": 0.03337164, ""4358 w 51 st st"": 0.123101525, ""4358 w 51st st"": 0.57056373, ""4403 w madison st"": 0.09021486, ""5315-17 s pulaski rd"": 0.18274829}"
655,facilitytype,liquor,restaurant,restaurant,0.742517709732056,"{""grocery store"": 0.041762866, ""liquor"": 0.19329673, ""restaurant"": 0.7425177, ""school"": 0.022422712}"
664,address,4358 w 51 st st,4358 w 51st st,4358 w 51st st,0.758238792419434,"{""4358 w 51 st st"": 0.19333275, ""4358 w 51st st"": 0.7582388, ""4859 n milwaukee ave"": 0.048428528}"
664,facilitytype,liquor,restaurant,restaurant,0.756685197353363,"{""grocery store"": 0.0400659, ""liquor"": 0.18475041, ""restaurant"": 0.7566852, ""school"": 0.018498547}"
712,facilitytype,_nan_,restaurant,grocery store,0.444343775510788,"{""grocery store"": 0.44434378, ""mobile food dispenser"": 0.122569464, ""restaurant"": 0.27000308, ""school"": 0.16308367}"
713,facilitytype,_nan_,liquor,grocery store,0.444343775510788,"{""grocery store"": 0.44434378, ""mobile food dispenser"": 0.122569464, ""restaurant"": 0.27000308, ""school"": 0.16308367}"
724,facilitytype,_nan_,grocery store,grocery store,0.450062364339828,"{""grocery store"": 0.45006236, ""mobile food dispenser"": 0.12531479, ""restaurant"": 0.284282, ""school"": 0.14034078}"
742,facilitytype,_nan_,restaurant,restaurant,0.808154404163361,"{""daycare (2 - 6 years)"": 0.039976317, ""daycare above and under 2 years"": 0.03913976, ""grocery store"": 0.058900215, ""restaurant"": 0.8081544, ""school"": 0.05382936}"
748,facilitytype,_nan_,restaurant,restaurant,0.803461730480194,"{""grocery store"": 0.091905974, ""restaurant"": 0.80346173, ""school"": 0.10463234}"
759,facilitytype,_nan_,grocery store,restaurant,0.374887943267822,"{""grocery store"": 0.20259935, ""mobile food dispenser"": 0.17437626, ""restaurant"": 0.37488794, ""school"": 0.24813652}"
760,facilitytype,_nan_,grocery store,restaurant,0.374887943267822,"{""grocery store"": 0.20259935, ""mobile food dispenser"": 0.17437626, ""restaurant"": 0.37488794, ""school"": 0.24813652}"
839,zip,_nan_,60623,60618,0.484779387712479,"{""60605"": 0.33308724, ""60618"": 0.4847794, ""60653"": 0.18213338}"
859,facilitytype,_nan_,restaurant,restaurant,0.669255018234253,"{""grocery store"": 0.118041225, ""long term care"": 0.091492526, ""restaurant"": 0.669255, ""school"": 0.12121118}"
882,facilitytype,_nan_,wholesale,wholesale,0.604044258594513,"{""grocery store"": 0.05726566, ""mobile food dispenser"": 0.06140954, ""pharmacy/grocery"": 0.055516962, ""restaurant"": 0.14042039, ""school"": 0.08134313, ""wholesale"": 0.60404426}"
894,facilitytype,_nan_,bakery,school,0.522151708602905,"{""grocery store"": 0.14611715, ""restaurant"": 0.3317311, ""school"": 0.5221517}"
912,facilitytype,_nan_,grocery store,grocery store,0.416276037693024,"{""grocery store"": 0.41627604, ""mobile food dispenser"": 0.12955369, ""restaurant"": 0.31764314, ""school"": 0.13652718}"
914,facilitytype,_nan_,restaurant,restaurant,0.787693798542023,"{""grocery store"": 0.10456075, ""restaurant"": 0.7876938, ""school"": 0.10774544}"
965,facilitytype,_nan_,grocery store,restaurant,0.317296832799911,"{""daycare (2 years)"": 0.16153173, ""daycare above and under 2 years"": 0.16211915, ""grocery store"": 0.16027535, ""restaurant"": 0.31729683, ""school"": 0.19877689}"
989,facilitytype,_nan_,restaurant/gas station,restaurant,0.605632483959198,"{""daycare (2 - 6 years)"": 0.09253065, ""grocery store"": 0.092755355, ""mobile food dispenser"": 0.08951699, ""restaurant"": 0.6056325, ""school"": 0.11956446}"
1015,facilitytype,_nan_,grocery store,restaurant,0.492841511964798,"{""grocery store"": 0.22202094, ""restaurant"": 0.4928415, ""school"": 0.2851375}"
1109,facilitytype,_nan_,restaurant,restaurant,0.91534423828125,"{""grocery store"": 0.04650039, ""restaurant"": 0.91534424, ""school"": 0.038155306}"
1111,facilitytype,_nan_,restaurant,restaurant,0.74244898557663,"{""grocery store"": 0.1414698, ""restaurant"": 0.742449, ""school"": 0.11608124}"
1115,facilitytype,_nan_,restaurant,restaurant,0.453682035207748,"{""grocery store"": 0.2569828, ""restaurant"": 0.45368204, ""school"": 0.28933507}"
1120,facilitytype,liquor,restaurant,liquor,0.655066192150116,"{""grocery store"": 0.04470109, ""liquor"": 0.6550662, ""mobile food dispenser"": 0.039854035, ""restaurant"": 0.22169861, ""school"": 0.03868006}"
1121,facilitytype,liquor,restaurant,liquor,0.655066192150116,"{""grocery store"": 0.04470109, ""liquor"": 0.6550662, ""mobile food dispenser"": 0.039854035, ""restaurant"": 0.22169861, ""school"": 0.03868006}"
1189,facilitytype,_nan_,grocery store,restaurant,0.489312440156937,"{""grocery store"": 0.2767363, ""restaurant"": 0.48931244, ""school"": 0.2339513}"
1231,facilitytype,_nan_,grocery store,restaurant,0.405370652675629,"{""grocery store"": 0.2461798, ""mobile food dispenser"": 0.14992929, ""restaurant"": 0.40537065, ""school"": 0.19852032}"
1276,facilitytype,_nan_,shelter,restaurant,0.763056039810181,"{""grocery store"": 0.12704058, ""restaurant"": 0.76305604, ""school"": 0.10990339}"
1277,facilitytype,_nan_,restaurant,restaurant,0.763056039810181,"{""grocery store"": 0.12704058, ""restaurant"": 0.76305604, ""school"": 0.10990339}"
1285,facilitytype,_nan_,long term care,long term care,0.421000301837921,"{""grocery store"": 0.15178707, ""long term care"": 0.4210003, ""restaurant"": 0.27999347, ""school"": 0.14721918}"
1312,facilitytype,_nan_,restaurant,restaurant,0.711326956748962,"{""grocery store"": 0.11567208, ""juice and salad bar"": 0.08289714, ""restaurant"": 0.71132696, ""school"": 0.09010379}"
1364,facilitytype,_nan_,restaurant,restaurant,0.759137272834778,"{""grocery store"": 0.11701124, ""restaurant"": 0.7591373, ""school"": 0.123851515}"
1369,facilitytype,_nan_,restaurant,restaurant,0.491139799356461,"{""grocery store"": 0.2589784, ""restaurant"": 0.4911398, ""school"": 0.24988179}"
1382,address,11919 s avenue o ave fl,11919 s avenue o ave frnt,11919 s avenue o ave frnt,0.838390827178955,"{""11919 s avenue o ave fl"": 0.16160923, ""11919 s avenue o ave frnt"": 0.8383908}"
1414,facilitytype,wholesale,mobile food dispenser,mobile food dispenser,0.587907016277313,"{""grocery store"": 0.06274376, ""mobile food dispenser"": 0.587907, ""restaurant"": 0.12475064, ""school"": 0.076893345, ""wholesale"": 0.1477053}"
1415,facilitytype,mobile food,mobile food dispenser,mobile food dispenser,0.591116011142731,"{""grocery store"": 0.07340889, ""mobile food"": 0.14874908, ""mobile food dispenser"": 0.591116, ""restaurant"": 0.12327287, ""school"": 0.06345309}"
1465,facilitytype,_nan_,restaurant,restaurant,0.387451618909836,"{""daycare (2 - 6 years)"": 0.18163557, ""grocery store"": 0.22483948, ""restaurant"": 0.38745162, ""school"": 0.2060733}"
1481,facilitytype,_nan_,restaurant,restaurant,0.409733802080154,"{""daycare (2 - 6 years)"": 0.18805274, ""grocery store"": 0.22771958, ""restaurant"": 0.4097338, ""school"": 0.17449392}"
1484,facilitytype,kiosk,restaurant,restaurant,0.472175508737564,"{""grocery store"": 0.051670186, ""kiosk"": 0.42370993, ""restaurant"": 0.4721755, ""school"": 0.052444346}"
1492,facilitytype,commissary,restaurant,restaurant,0.445848494768143,"{""candy/gelato"": 0.04232219, ""commissary"": 0.14654756, ""grocery store"": 0.059328645, ""kiosk"": 0.246231, ""restaurant"": 0.4458485, ""school"": 0.059722163}"
1508,facilitytype,_nan_,grocery store,grocery store,0.444881528615952,"{""grocery store"": 0.44488153, ""mobile food dispenser"": 0.13905938, ""restaurant"": 0.2761326, ""school"": 0.1399265}"
1529,facilitytype,_nan_,restaurant,restaurant,0.776919364929199,"{""daycare (2 - 6 years)"": 0.07353594, ""grocery store"": 0.09606404, ""restaurant"": 0.77691936, ""school"": 0.053480614}"
1530,dbaname,nino's heroes elementary,family time eatery & snack shop,nino's heroes elementary,0.820071816444397,"{""cics-washington park"": 0.12003508, ""el tarasco"": 0.027388059, ""nino's heroes elementary"": 0.8200718, ""taqueria el tenampa"": 0.032505084}"
1547,facilitytype,_nan_,daycare (2 - 6 years),daycare (2 - 6 years),0.337743282318115,"{""daycare (2 - 6 years)"": 0.33774328, ""grocery store"": 0.17411228, ""restaurant"": 0.33608955, ""school"": 0.15205497}"
1589,facilitytype,_nan_,restaurant,restaurant,0.744750916957855,"{""daycare (2 - 6 years)"": 0.051535007, ""drug/grocery store"": 0.045081772, ""grocery store"": 0.06431553, ""navy pier kiosk"": 0.043058872, ""restaurant"": 0.7447509, ""school"": 0.051257886}"
1607,facilitytype,_nan_,shelter,restaurant,0.6905677318573,"{""grocery store"": 0.19678612, ""restaurant"": 0.69056773, ""school"": 0.112646215}"
1615,facilitytype,_nan_,restaurant,restaurant,0.754992723464966,"{""grocery store"": 0.12627117, ""restaurant"": 0.7549927, ""school"": 0.11873604}"
1618,facilitytype,_nan_,restaurant,restaurant,0.480000078678131,"{""grocery store"": 0.29173926, ""restaurant"": 0.48000008, ""school"": 0.22826073}"
1619,facilitytype,_nan_,restaurant,restaurant,0.905591368675232,"{""grocery store"": 0.052966733, ""restaurant"": 0.90559137, ""school"": 0.04144188}"
1620,facilitytype,_nan_,restaurant,restaurant,0.905591368675232,"{""grocery store"": 0.052966733, ""restaurant"": 0.90559137, ""school"": 0.04144188}"
1631,facilitytype,_nan_,deli,restaurant,0.510984003543854,"{""grocery store"": 0.26368716, ""restaurant"": 0.510984, ""school"": 0.2253288}"
1632,facilitytype,_nan_,deli,restaurant,0.510984003543854,"{""grocery store"": 0.26368716, ""restaurant"": 0.510984, ""school"": 0.2253288}"
1637,facilitytype,_nan_,restaurant,restaurant,0.762189030647278,"{""grocery store"": 0.12607661, ""restaurant"": 0.76218903, ""school"": 0.11173433}"
1651,facilitytype,_nan_,restaurant,restaurant,0.914304256439209,"{""grocery store"": 0.04662472, ""restaurant"": 0.91430426, ""school"": 0.03907104}"
1658,facilitytype,_nan_,restaurant,restaurant,0.417342305183411,"{""grocery store"": 0.21559823, ""mobile food dispenser"": 0.16322003, ""restaurant"": 0.4173423, ""school"": 0.20383945}"
1665,facilitytype,_nan_,coffee shop,restaurant,0.625499129295349,"{""grocery store"": 0.17898612, ""mobile food dispenser"": 0.09418956, ""restaurant"": 0.6254991, ""school"": 0.101325154}"
1678,address,11601 w touhy ave bldg,11601 w touhy ave,11601 w touhy ave,0.450561434030533,"{""11601 w touhy ave"": 0.45056143, ""11601 w touhy ave bldg"": 0.29865295, ""901 w weed st"": 0.2507856}"
1679,facilitytype,_nan_,restaurant,restaurant,0.82507050037384,"{""grocery store"": 0.06968945, ""hospital"": 0.034236938, ""long term care"": 0.030114055, ""restaurant"": 0.8250705, ""school"": 0.04088907}"
1695,address,11601 w touhy ave t2 f12,11601 w touhy ave,11601 w touhy ave t2 f12,0.833950221538544,"{""11601 w touhy ave"": 0.16604976, ""11601 w touhy ave t2 f12"": 0.8339502}"
1695,facilitytype,grocery store,restaurant,restaurant,0.520062148571014,"{""grocery store"": 0.40835506, ""mobile food dispenser"": 0.037598968, ""restaurant"": 0.52006215, ""school"": 0.03398381}"
1697,city,cchicago,chicago,chicago,0.878414869308472,"{""cchicago"": 0.12158512, ""chicago"": 0.87841487}"
1703,facilitytype,_nan_,grocery store,grocery store,0.518624126911163,"{""grocery store"": 0.5186241, ""long term care"": 0.10714883, ""restaurant"": 0.25635043, ""school"": 0.11787659}"
1708,city,cchicago,chicago,chicago,0.878588616847992,"{""cchicago"": 0.121411376, ""chicago"": 0.8785886}"
1712,facilitytype,_nan_,deli,restaurant,0.421878814697266,"{""grocery store"": 0.24887972, ""mobile food dispenser"": 0.13049947, ""restaurant"": 0.4218788, ""school"": 0.19874199}"
1715,facilitytype,_nan_,restaurant,restaurant,0.768140256404877,"{""grocery store"": 0.13907564, ""restaurant"": 0.76814026, ""school"": 0.09278401}"
1718,facilitytype,_nan_,restaurant,restaurant,0.4599329829216,"{""grocery store"": 0.2815549, ""restaurant"": 0.45993298, ""school"": 0.2585121}"
1719,facilitytype,_nan_,grocery store,grocery store,0.558737754821777,"{""grocery store"": 0.55873775, ""restaurant"": 0.28199017, ""school"": 0.15927207}"
1723,facilitytype,_nan_,restaurant,restaurant,0.405227690935135,"{""grocery store"": 0.24398586, ""kiosk"": 0.13522822, ""restaurant"": 0.4052277, ""school"": 0.21555823}"
1731,facilitytype,_nan_,restaurant,restaurant,0.691243827342987,"{""grocery store"": 0.12563686, ""mobile food dispenser"": 0.083427824, ""restaurant"": 0.6912438, ""school"": 0.09969149}"
1737,facilitytype,_nan_,restaurant,restaurant,0.765997409820557,"{""grocery store"": 0.115879275, ""restaurant"": 0.7659974, ""school"": 0.1181232}"
1744,facilitytype,_nan_,restaurant,restaurant,0.427751392126083,"{""grocery store"": 0.20991582, ""mobile food dispenser"": 0.18305632, ""restaurant"": 0.4277514, ""school"": 0.17927642}"
1748,facilitytype,_nan_,restaurant,restaurant,0.504085898399353,"{""grocery store"": 0.27201372, ""restaurant"": 0.5040859, ""school"": 0.22390047}"
1776,facilitytype,_nan_,restaurant,restaurant,0.472057491540909,"{""grocery store"": 0.23370743, ""restaurant"": 0.4720575, ""school"": 0.29423502}"
1807,facilitytype,_nan_,restaurant,restaurant,0.445121943950653,"{""grocery store"": 0.21570088, ""long term care"": 0.16407864, ""restaurant"": 0.44512194, ""school"": 0.1750985}"
1817,facilitytype,_nan_,grocery store,restaurant,0.412783563137054,"{""grocery store"": 0.1769794, ""long term care"": 0.16512944, ""restaurant"": 0.41278356, ""school"": 0.24510768}"
1833,facilitytype,_nan_,restaurant,restaurant,0.477006286382675,"{""grocery store"": 0.32444274, ""restaurant"": 0.4770063, ""school"": 0.19855087}"
1839,facilitytype,_nan_,grocery store,restaurant,0.400155812501907,"{""grocery store"": 0.1997343, ""mobile food dispenser"": 0.20176697, ""restaurant"": 0.4001558, ""school"": 0.19834287}"
1840,address,1800 e 79th st bldg,1800 e 79th st,1800 e 79th st,0.68374490737915,"{""1800 e 79th st"": 0.6837449, ""1800 e 79th st bldg"": 0.31625506}"
1846,facilitytype,_nan_,restaurant,restaurant,0.731056928634644,"{""grocery store"": 0.089037545, ""mobile food dispenser"": 0.085963584, ""restaurant"": 0.7310569, ""school"": 0.093941905}"
1847,facilitytype,_nan_,grocery store,grocery store,0.450145691633224,"{""grocery store"": 0.4501457, ""mobile food dispenser"": 0.13663869, ""restaurant"": 0.26205176, ""school"": 0.15116392}"
1860,facilitytype,_nan_,coffee shop,restaurant,0.655703604221344,"{""grocery store"": 0.12383819, ""mobile food dispenser"": 0.10956021, ""restaurant"": 0.6557036, ""school"": 0.11089792}"
1861,facilitytype,_nan_,restaurant,restaurant,0.655703604221344,"{""grocery store"": 0.12383819, ""mobile food dispenser"": 0.10956021, ""restaurant"": 0.6557036, ""school"": 0.11089792}"
1862,facilitytype,_nan_,restaurant,restaurant,0.655703604221344,"{""grocery store"": 0.12383819, ""mobile food dispenser"": 0.10956021, ""restaurant"": 0.6557036, ""school"": 0.11089792}"
1867,facilitytype,_nan_,mobile food dispenser,mobile food dispenser,0.705421209335327,"{""grocery store"": 0.09131913, ""mobile food dispenser"": 0.7054212, ""restaurant"": 0.13437895, ""school"": 0.06888075}"
1898,facilitytype,_nan_,daycare above and under 2 years,restaurant,0.421549558639526,"{""grocery store"": 0.20409039, ""long term care"": 0.19012533, ""restaurant"": 0.42154956, ""school"": 0.18423465}"
1928,facilitytype,kiosk,restaurant,kiosk,0.479535847902298,"{""grocery store"": 0.051973, ""kiosk"": 0.47953585, ""restaurant"": 0.41573945, ""school"": 0.052751698}"
1929,facilitytype,kiosk,restaurant,kiosk,0.479535847902298,"{""grocery store"": 0.051973, ""kiosk"": 0.47953585, ""restaurant"": 0.41573945, ""school"": 0.052751698}"
1934,facilitytype,kiosk,restaurant,kiosk,0.479535847902298,"{""grocery store"": 0.051973, ""kiosk"": 0.47953585, ""restaurant"": 0.41573945, ""school"": 0.052751698}"
1935,address,333 w 35 st,333 w 35th st,333 w 35 st,0.910735726356506,"{""333 w 35 st"": 0.9107357, ""333 w 35th st"": 0.08926436}"
1937,facilitytype,commissary,restaurant,restaurant,0.499954521656036,"{""commissary"": 0.16366829, ""grocery store"": 0.06412102, ""kiosk"": 0.20717081, ""restaurant"": 0.49995452, ""school"": 0.0650853}"
1938,facilitytype,kiosk,restaurant,kiosk,0.479535847902298,"{""grocery store"": 0.051973, ""kiosk"": 0.47953585, ""restaurant"": 0.41573945, ""school"": 0.052751698}"
1945,facilitytype,kiosk,restaurant,kiosk,0.466888189315796,"{""grocery store"": 0.04827876, ""kiosk"": 0.4668882, ""restaurant"": 0.42932516, ""school"": 0.055507883}"
1946,facilitytype,kiosk,restaurant,kiosk,0.466888189315796,"{""grocery store"": 0.04827876, ""kiosk"": 0.4668882, ""restaurant"": 0.42932516, ""school"": 0.055507883}"
1948,facilitytype,kiosk,restaurant,kiosk,0.466888189315796,"{""grocery store"": 0.04827876, ""kiosk"": 0.4668882, ""restaurant"": 0.42932516, ""school"": 0.055507883}"
1949,facilitytype,kiosk,restaurant,kiosk,0.466888189315796,"{""grocery store"": 0.04827876, ""kiosk"": 0.4668882, ""restaurant"": 0.42932516, ""school"": 0.055507883}"
1950,facilitytype,kiosk,restaurant,kiosk,0.466888189315796,"{""grocery store"": 0.04827876, ""kiosk"": 0.4668882, ""restaurant"": 0.42932516, ""school"": 0.055507883}"
1951,facilitytype,kiosk,restaurant,kiosk,0.441687107086182,"{""grocery store"": 0.045826137, ""kiosk"": 0.4416871, ""mobile food dispenser"": 0.04074887, ""restaurant"": 0.4177232, ""school"": 0.054014556}"
1952,facilitytype,kiosk,restaurant,kiosk,0.466888189315796,"{""grocery store"": 0.04827876, ""kiosk"": 0.4668882, ""restaurant"": 0.42932516, ""school"": 0.055507883}"
1953,facilitytype,kiosk,restaurant,restaurant,0.532356381416321,"{""grocery store"": 0.04757116, ""kiosk"": 0.36537817, ""restaurant"": 0.5323564, ""school"": 0.054694325}"
1968,address,2637 s throop st fl,2637 s throop st,2637 s throop st,0.766434848308563,"{""2637 s throop st"": 0.76643485, ""2637 s throop st fl"": 0.23356515}"
1968,facilitytype,_nan_,mobile food dispenser,mobile food dispenser,0.628742933273315,"{""grocery store"": 0.09555922, ""mobile food dispenser"": 0.62874293, ""restaurant"": 0.19591407, ""school"": 0.07978379}"
1970,address,2637 s throop st fl,2637 s throop st,2637 s throop st,0.723726868629456,"{""2637 s throop st"": 0.72372687, ""2637 s throop st fl"": 0.2762731}"
1981,facilitytype,_nan_,coffee shop,restaurant,0.357955366373062,"{""grocery store"": 0.21122581, ""mobile food dispenser"": 0.21667658, ""restaurant"": 0.35795537, ""school"": 0.21414225}"
2000,facilitytype,daycare (under 2 years),daycare above and under 2 years,daycare (under 2 years),0.470665812492371,"{""children's services facility"": 0.049347397, ""daycare (under 2 years)"": 0.4706658, ""daycare above and under 2 years"": 0.26807457, ""grocery store"": 0.067077994, ""restaurant"": 0.11277292, ""school"": 0.032061316}"
2003,facilitytype,_nan_,daycare above and under 2 years,restaurant,0.334438055753708,"{""children's services facility"": 0.16328487, ""grocery store"": 0.18452817, ""mobile food dispenser"": 0.15265633, ""restaurant"": 0.33443806, ""school"": 0.16509262}"
2004,facilitytype,_nan_,daycare above and under 2 years,restaurant,0.454486042261124,"{""children's services facility"": 0.18536447, ""grocery store"": 0.22547342, ""restaurant"": 0.45448604, ""school"": 0.13467604}"
2018,facilitytype,_nan_,restaurant,restaurant,0.436896234750748,"{""grocery store"": 0.19858369, ""long term care"": 0.1967351, ""restaurant"": 0.43689623, ""school"": 0.16778494}"
2019,facilitytype,_nan_,restaurant,restaurant,0.823000907897949,"{""grocery store"": 0.04608304, ""long term care"": 0.046796735, ""mobile food dispenser"": 0.044203594, ""restaurant"": 0.8230009, ""school"": 0.039915726}"
2041,facilitytype,_nan_,restaurant,restaurant,0.426535427570343,"{""grocery store"": 0.20738949, ""long term care"": 0.19503357, ""restaurant"": 0.42653543, ""school"": 0.17104156}"
2099,facilitytype,_nan_,restaurant,restaurant,0.340611308813095,"{""catering"": 0.13391435, ""daycare (2 - 6 years)"": 0.13072614, ""grocery store"": 0.21985024, ""restaurant"": 0.3406113, ""school"": 0.17489801}"
2114,city,cchicago,chicago,chicago,0.730383992195129,"{""cchicago"": 0.26961592, ""chicago"": 0.730384}"
2118,facilitytype,_nan_,restaurant,restaurant,0.324018150568008,"{""daycare (2 - 6 years)"": 0.15616824, ""grocery store"": 0.19362348, ""long term care"": 0.15808348, ""restaurant"": 0.32401815, ""school"": 0.16810672}"
2125,city,cchicago,chicago,chicago,0.731421172618866,"{""cchicago"": 0.26857886, ""chicago"": 0.7314212}"
2128,facilitytype,_nan_,restaurant,restaurant,0.314125895500183,"{""daycare (2 - 6 years)"": 0.15497164, ""grocery store"": 0.20948513, ""long term care"": 0.15648639, ""restaurant"": 0.3141259, ""school"": 0.16493103}"
2135,facilitytype,_nan_,daycare (2 - 6 years),restaurant,0.314332395792007,"{""daycare (2 - 6 years)"": 0.16964781, ""grocery store"": 0.19697559, ""long term care"": 0.15749484, ""restaurant"": 0.3143324, ""school"": 0.16154939}"
2142,facilitytype,_nan_,restaurant,restaurant,0.623094260692596,"{""daycare (2 - 6 years)"": 0.087297596, ""grocery store"": 0.10586838, ""long term care"": 0.08849951, ""restaurant"": 0.62309426, ""school"": 0.0952403}"
2145,facilitytype,_nan_,long term care,long term care,0.375393331050873,"{""daycare (2 - 6 years)"": 0.113534264, ""grocery store"": 0.13881856, ""long term care"": 0.37539333, ""restaurant"": 0.24886143, ""school"": 0.12339242}"
2150,facilitytype,_nan_,restaurant,restaurant,0.899872779846191,"{""grocery store"": 0.048681047, ""restaurant"": 0.8998728, ""school"": 0.051446203}"
2151,facilitytype,_nan_,restaurant,restaurant,0.899872779846191,"{""grocery store"": 0.048681047, ""restaurant"": 0.8998728, ""school"": 0.051446203}"
2154,facilitytype,_nan_,restaurant,restaurant,0.616647243499756,"{""daycare (2 - 6 years)"": 0.08995993, ""grocery store"": 0.10383402, ""long term care"": 0.089611635, ""restaurant"": 0.61664724, ""school"": 0.09994707}"
2157,facilitytype,_nan_,restaurant,restaurant,0.920233547687531,"{""grocery store"": 0.04058376, ""restaurant"": 0.92023355, ""school"": 0.039182626}"
2165,facilitytype,_nan_,restaurant,restaurant,0.879241824150085,"{""grocery store"": 0.0371467, ""mobile food dispenser"": 0.040463477, ""restaurant"": 0.8792418, ""school"": 0.04314794}"
2170,facilitytype,_nan_,restaurant,restaurant,0.623639106750488,"{""daycare (2 - 6 years)"": 0.08703943, ""grocery store"": 0.10060079, ""long term care"": 0.0910423, ""restaurant"": 0.6236391, ""school"": 0.09767837}"
2171,facilitytype,_nan_,restaurant,restaurant,0.623639106750488,"{""daycare (2 - 6 years)"": 0.08703943, ""grocery store"": 0.10060079, ""long term care"": 0.0910423, ""restaurant"": 0.6236391, ""school"": 0.09767837}"
2174,facilitytype,_nan_,daycare (2 - 6 years),restaurant,0.475411951541901,"{""grocery store"": 0.2700155, ""restaurant"": 0.47541195, ""school"": 0.25457245}"
2210,facilitytype,_nan_,deli,restaurant,0.380269646644592,"{""daycare (2 - 6 years)"": 0.15306017, ""grocery store"": 0.20211962, ""long term care"": 0.13997376, ""restaurant"": 0.38026965, ""school"": 0.124576814}"
2229,facilitytype,_nan_,restaurant,restaurant,0.500270962715149,"{""grocery store"": 0.24445546, ""restaurant"": 0.50027096, ""school"": 0.25527355}"
2235,facilitytype,kiosk,restaurant,kiosk,0.479535847902298,"{""grocery store"": 0.051973, ""kiosk"": 0.47953585, ""restaurant"": 0.41573945, ""school"": 0.052751698}"
2236,facilitytype,kiosk,restaurant,kiosk,0.479535847902298,"{""grocery store"": 0.051973, ""kiosk"": 0.47953585, ""restaurant"": 0.41573945, ""school"": 0.052751698}"
2243,facilitytype,kiosk,restaurant,kiosk,0.450897634029388,"{""grocery store"": 0.04934162, ""kiosk"": 0.45089763, ""mobile food dispenser"": 0.041993584, ""restaurant"": 0.40642533, ""school"": 0.051341794}"
2244,facilitytype,kiosk,restaurant,kiosk,0.479535847902298,"{""grocery store"": 0.051973, ""kiosk"": 0.47953585, ""restaurant"": 0.41573945, ""school"": 0.052751698}"
2245,facilitytype,kiosk,restaurant,kiosk,0.479535847902298,"{""grocery store"": 0.051973, ""kiosk"": 0.47953585, ""restaurant"": 0.41573945, ""school"": 0.052751698}"
2246,facilitytype,kiosk,restaurant,kiosk,0.479535847902298,"{""grocery store"": 0.051973, ""kiosk"": 0.47953585, ""restaurant"": 0.41573945, ""school"": 0.052751698}"
2247,facilitytype,kiosk,restaurant,kiosk,0.479535847902298,"{""grocery store"": 0.051973, ""kiosk"": 0.47953585, ""restaurant"": 0.41573945, ""school"": 0.052751698}"
2248,facilitytype,kiosk,restaurant,kiosk,0.479535847902298,"{""grocery store"": 0.051973, ""kiosk"": 0.47953585, ""restaurant"": 0.41573945, ""school"": 0.052751698}"
2249,facilitytype,kiosk,restaurant,kiosk,0.479535847902298,"{""grocery store"": 0.051973, ""kiosk"": 0.47953585, ""restaurant"": 0.41573945, ""school"": 0.052751698}"
2250,facilitytype,kiosk,restaurant,kiosk,0.479535847902298,"{""grocery store"": 0.051973, ""kiosk"": 0.47953585, ""restaurant"": 0.41573945, ""school"": 0.052751698}"
2252,city,chchicago,chicago,chicago,0.715994954109192,"{""chchicago"": 0.2840051, ""chicago"": 0.71599495}"
2261,city,chchicago,chicago,chicago,0.716486752033234,"{""chchicago"": 0.2835133, ""chicago"": 0.71648675}"
2313,facilitytype,_nan_,grocery store,grocery store,0.707031846046448,"{""grocery store"": 0.70703185, ""long term care"": 0.07126912, ""restaurant"": 0.1474167, ""school"": 0.074282415}"
2340,facilitytype,_nan_,grocery store,grocery store,0.722060859203339,"{""grocery store"": 0.72206086, ""long term care"": 0.06891484, ""restaurant"": 0.14031558, ""school"": 0.068708695}"
2381,zip,_nan_,60640,60632,0.388589054346085,"{""60607"": 0.37831685, ""60615"": 0.23309413, ""60632"": 0.38858905}"
2492,facilitytype,_nan_,restaurant,restaurant,0.492846071720123,"{""grocery store"": 0.2592952, ""restaurant"": 0.49284607, ""school"": 0.24785869}"
2542,facilitytype,_nan_,restaurant,restaurant,0.27242973446846,"{""bakery"": 0.119943984, ""grocery store"": 0.1676505, ""kiosk"": 0.077036254, ""live poultry"": 0.118114494, ""long term care"": 0.12004571, ""restaurant"": 0.27242973, ""school"": 0.12477937}"
2644,facilitytype,_nan_,restaurant,restaurant,0.916369915008545,"{""grocery store"": 0.05022448, ""restaurant"": 0.9163699, ""school"": 0.033405498}"
2749,facilitytype,_nan_,restaurant,restaurant,0.469409883022308,"{""grocery store"": 0.21589124, ""restaurant"": 0.46940988, ""school"": 0.1699067, ""tavern"": 0.14479217}"
2798,address,6313-6323 n pulaski bldg,6313-6323 n pulaski rd,6313-6323 n pulaski rd,0.322104901075363,"{""1148 n honore st"": 0.081857555, ""1156 w grand ave"": 0.09029679, ""1258 w jackson blvd"": 0.09029679, ""320 n dearborn st"": 0.0152291125, ""324 s racine ave"": 0.050814144, ""3315 w bryn mawr ave"": 0.09029679, ""400 n dearborn st"": 0.050814144, ""6313-6323 n pulaski bldg"": 0.20828979, ""6313-6323 n pulaski rd"": 0.3221049}"
2801,facilitytype,_nan_,coffee shop,restaurant,0.688370883464813,"{""banquets/room service"": 0.06136472, ""grocery store"": 0.08023991, ""mobile food dispenser"": 0.06930966, ""restaurant"": 0.6883709, ""school"": 0.10071488}"
2802,facilitytype,_nan_,restaurant,restaurant,0.688370883464813,"{""banquets/room service"": 0.06136472, ""grocery store"": 0.08023991, ""mobile food dispenser"": 0.06930966, ""restaurant"": 0.6883709, ""school"": 0.10071488}"
2856,facilitytype,_nan_,restaurant,restaurant,0.666805267333984,"{""grocery store"": 0.117764086, ""mobile food dispenser"": 0.09406927, ""restaurant"": 0.66680527, ""school"": 0.121361345}"
2857,facilitytype,_nan_,restaurant,restaurant,0.321674048900604,"{""grocery store"": 0.18519667, ""mobile food dispenser"": 0.14793406, ""restaurant"": 0.32167405, ""school"": 0.21415143, ""shared kitchen"": 0.13104378}"
2862,facilitytype,_nan_,restaurant,restaurant,0.333529055118561,"{""catering"": 0.13233222, ""grocery store"": 0.1649923, ""mobile food dispenser"": 0.15081948, ""restaurant"": 0.33352906, ""school"": 0.21832694}"
2904,facilitytype,_nan_,restaurant,restaurant,0.437995463609695,"{""grocery store"": 0.2604769, ""restaurant"": 0.43799546, ""school"": 0.30152765}"
2905,facilitytype,_nan_,bakery,restaurant,0.437995463609695,"{""grocery store"": 0.2604769, ""restaurant"": 0.43799546, ""school"": 0.30152765}"
2908,facilitytype,_nan_,restaurant,restaurant,0.42515355348587,"{""grocery store"": 0.27639887, ""restaurant"": 0.42515355, ""school"": 0.29844752}"
2916,facilitytype,_nan_,grocery store,restaurant,0.60372531414032,"{""cafeteria"": 0.07927309, ""grocery store"": 0.10727124, ""mobile food dispenser"": 0.08568765, ""restaurant"": 0.6037253, ""school"": 0.12404269}"
2923,facilitytype,_nan_,restaurant,restaurant,0.517259538173676,"{""grocery store"": 0.19714068, ""mobile food dispenser"": 0.16181108, ""restaurant"": 0.51725954, ""school"": 0.12378869}"
2929,facilitytype,_nan_,bakery,restaurant,0.327186316251755,"{""catering"": 0.12997006, ""grocery store"": 0.18120071, ""mobile food dispenser"": 0.14872865, ""restaurant"": 0.32718632, ""school"": 0.21291432}"
2955,facilitytype,_nan_,restaurant,restaurant,0.331881672143936,"{""daycare above and under 2 years"": 0.13615356, ""grocery store"": 0.16273636, ""mobile food dispenser"": 0.15024416, ""restaurant"": 0.33188167, ""school"": 0.21898422}"
2976,facilitytype,_nan_,restaurant,restaurant,0.662707567214966,"{""grocery store"": 0.1710918, ""restaurant"": 0.66270757, ""school"": 0.16620067}"
3008,facilitytype,_nan_,restaurant,restaurant,0.821742653846741,"{""grocery store"": 0.03608819, ""mobile food dispenser"": 0.058084775, ""restaurant"": 0.82174265, ""school"": 0.08408437}"
3053,facilitytype,_nan_,grocery store,restaurant,0.46792471408844,"{""grocery store"": 0.29369462, ""restaurant"": 0.4679247, ""school"": 0.23838066}"
3059,facilitytype,_nan_,restaurant,restaurant,0.356877684593201,"{""daycare (2 years)"": 0.16073713, ""grocery store"": 0.1620059, ""mobile food dispenser"": 0.1552338, ""restaurant"": 0.35687768, ""school"": 0.16514546}"
3073,facilitytype,_nan_,restaurant,restaurant,0.400275617837906,"{""grocery store"": 0.17704828, ""mobile food dispenser"": 0.1780228, ""restaurant"": 0.40027562, ""school"": 0.24465336}"
3099,city,cchicago,chicago,chicago,0.720379650592804,"{""cchicago"": 0.27962032, ""chicago"": 0.72037965}"
3115,city,cchicago,chicago,chicago,0.720828890800476,"{""cchicago"": 0.2791711, ""chicago"": 0.7208289}"
3119,facilitytype,_nan_,restaurant,restaurant,0.774061560630798,"{""grocery store"": 0.061210435, ""mobile food dispenser"": 0.071108095, ""restaurant"": 0.77406156, ""school"": 0.0936199}"
3173,facilitytype,_nan_,bakery,restaurant,0.391500920057297,"{""candy/gelato"": 0.15805355, ""grocery store"": 0.21264826, ""restaurant"": 0.39150092, ""school"": 0.23779726}"
3184,facilitytype,_nan_,restaurant,restaurant,0.756165981292725,"{""grocery store"": 0.13486801, ""restaurant"": 0.756166, ""school"": 0.10896601}"
3250,facilitytype,_nan_,restaurant,restaurant,0.557838439941406,"{""grocery store"": 0.21879917, ""restaurant"": 0.55783844, ""school"": 0.22336243}"
3321,facilitytype,_nan_,grocery store,restaurant,0.401520162820816,"{""grocery store"": 0.20951405, ""mobile food dispenser"": 0.20251355, ""restaurant"": 0.40152016, ""school"": 0.18645231}"
3378,facilitytype,liquor,restaurant,liquor,0.662775218486786,"{""grocery store"": 0.03371728, ""liquor"": 0.6627752, ""mobile food dispenser"": 0.034891218, ""restaurant"": 0.23296171, ""school"": 0.035654552}"
3379,facilitytype,liquor,restaurant,liquor,0.648519217967987,"{""grocery store"": 0.04522898, ""liquor"": 0.6485192, ""mobile food dispenser"": 0.040604915, ""restaurant"": 0.2277181, ""school"": 0.037928756}"
3383,address,333 s state,333 s state st,333 s state st,0.542824029922485,"{""175 w jackson blvd"": 0.18936773, ""333 s state"": 0.26780823, ""333 s state st"": 0.54282403}"
3388,address,333 s state,333 s state st,175 w jackson blvd,0.331584602594376,"{""175 w jackson blvd"": 0.3315846, ""333 s state"": 0.32044476, ""333 s state st"": 0.31239423, ""333 w 35th st"": 0.035576362}"
3484,facilitytype,_nan_,restaurant,restaurant,0.47618156671524,"{""grocery store"": 0.28173378, ""restaurant"": 0.47618157, ""school"": 0.24208462}"
3583,facilitytype,_nan_,restaurant,restaurant,0.683337450027466,"{""bakery"": 0.08777699, ""grocery store"": 0.12171187, ""restaurant"": 0.68333745, ""school"": 0.1071737}"
3608,facilitytype,_nan_,restaurant,grocery store,0.39149197936058,"{""grocery store"": 0.39149198, ""mobile food dispenser"": 0.079496846, ""restaurant"": 0.37093797, ""school"": 0.15807329}"
3625,facilitytype,_nan_,coffee shop,restaurant,0.678698778152466,"{""grocery store"": 0.19915004, ""restaurant"": 0.6786988, ""school"": 0.1221513}"
3706,facilitytype,_nan_,restaurant,restaurant,0.443743079900742,"{""grocery store"": 0.25964028, ""restaurant"": 0.44374308, ""school"": 0.29661658}"
3737,facilitytype,_nan_,restaurant,restaurant,0.456458389759064,"{""grocery store"": 0.2390927, ""restaurant"": 0.4564584, ""school"": 0.30444884}"
3786,facilitytype,_nan_,restaurant,restaurant,0.746620953083038,"{""grocery store"": 0.13044624, ""restaurant"": 0.74662095, ""school"": 0.12293277}"
3794,facilitytype,_nan_,restaurant,restaurant,0.762027978897095,"{""grocery store"": 0.09285754, ""restaurant"": 0.762028, ""school"": 0.14511445}"
3835,facilitytype,_nan_,restaurant,restaurant,0.380291342735291,"{""daycare combo 1586"": 0.15001382, ""grocery store"": 0.21926305, ""restaurant"": 0.38029134, ""school"": 0.25043172}"
4097,facilitytype,_nan_,restaurant,restaurant,0.690000474452972,"{""grocery store"": 0.10994532, ""mobile food dispenser"": 0.093919925, ""restaurant"": 0.6900005, ""school"": 0.10613432}"
4104,facilitytype,_nan_,restaurant,restaurant,0.755691230297089,"{""grocery store"": 0.13128775, ""restaurant"": 0.75569123, ""school"": 0.113020934}"
4112,facilitytype,_nan_,restaurant,restaurant,0.663087248802185,"{""grocery store"": 0.17381081, ""restaurant"": 0.66308725, ""school"": 0.16310199}"
4118,facilitytype,_nan_,grocery store,restaurant,0.479494243860245,"{""grocery store"": 0.28168795, ""restaurant"": 0.47949424, ""school"": 0.23881781}"
4130,facilitytype,_nan_,deli,restaurant,0.703095853328705,"{""grocery store"": 0.15779391, ""restaurant"": 0.70309585, ""school"": 0.13911016}"
4214,facilitytype,_nan_,restaurant,restaurant,0.383109033107758,"{""grocery store"": 0.10718349, ""mobile food dispenser"": 0.10767419, ""navy pier kiosk"": 0.1036586, ""restaurant"": 0.38310903, ""school"": 0.088341855, ""shelter"": 0.10383545, ""soup kitchen"": 0.106197394}"
4220,facilitytype,daycare combo 1586,daycare above and under 2 years,daycare combo 1586,0.553071677684784,"{""daycare above and under 2 years"": 0.23815078, ""daycare combo 1586"": 0.5530717, ""grocery store"": 0.056867313, ""restaurant"": 0.10896201, ""school"": 0.04294824}"
4232,facilitytype,daycare combo 1586,daycare above and under 2 years,daycare combo 1586,0.523648619651794,"{""bakery"": 0.042664126, ""daycare above and under 2 years"": 0.22628878, ""daycare combo 1586"": 0.5236486, ""grocery store"": 0.06279403, ""restaurant"": 0.09726713, ""school"": 0.04733734}"
4383,facilitytype,_nan_,restaurant,restaurant,0.44310188293457,"{""grocery store"": 0.25883844, ""restaurant"": 0.44310188, ""school"": 0.29805967}"
4387,facilitytype,_nan_,restaurant,restaurant,0.669930756092072,"{""grocery store"": 0.12678675, ""mobile food dispenser"": 0.09379822, ""restaurant"": 0.66993076, ""school"": 0.10948419}"
4388,facilitytype,_nan_,liquor,restaurant,0.721740067005157,"{""grocery store"": 0.12933132, ""restaurant"": 0.72174007, ""school"": 0.14892861}"
4413,facilitytype,_nan_,restaurant,restaurant,0.896320044994354,"{""grocery store"": 0.05783717, ""restaurant"": 0.89632004, ""school"": 0.04584274}"
4435,facilitytype,_nan_,wholesale,restaurant,0.344937890768051,"{""grocery store"": 0.16271955, ""mobile food dispenser"": 0.15175572, ""restaurant"": 0.3449379, ""school"": 0.21684733, ""wholesale"": 0.12373947}"
4468,facilitytype,_nan_,grocery store,restaurant,0.335121363401413,"{""daycare (2 - 6 years)"": 0.1336009, ""grocery store"": 0.1640616, ""mobile food dispenser"": 0.15119039, ""restaurant"": 0.33512136, ""school"": 0.21602577}"
4490,facilitytype,_nan_,restaurant,restaurant,0.553272902965546,"{""catering"": 0.10638121, ""daycare (2 - 6 years)"": 0.10295948, ""grocery store"": 0.08648368, ""restaurant"": 0.5532729, ""school"": 0.15090272}"
4517,facilitytype,_nan_,grocery store,restaurant,0.392357617616653,"{""bakery"": 0.16944803, ""grocery store"": 0.20236124, ""restaurant"": 0.39235762, ""school"": 0.23583315}"
4524,facilitytype,daycare combo 1586,daycare above and under 2 years,daycare combo 1586,0.537733554840088,"{""daycare above and under 2 years"": 0.2362873, ""daycare combo 1586"": 0.53773355, ""grocery store"": 0.04878577, ""restaurant"": 0.11143968, ""school"": 0.06575366}"
4555,facilitytype,_nan_,deli,grocery/cafe,0.333140313625336,"{""daycare (2 - 6 years)"": 0.10951332, ""grocery store"": 0.123380594, ""grocery/cafe"": 0.3331403, ""long term care"": 0.1077973, ""restaurant"": 0.21163051, ""school"": 0.11453791}"
4556,facilitytype,_nan_,deli,grocery/cafe,0.333140313625336,"{""daycare (2 - 6 years)"": 0.10951332, ""grocery store"": 0.123380594, ""grocery/cafe"": 0.3331403, ""long term care"": 0.1077973, ""restaurant"": 0.21163051, ""school"": 0.11453791}"
4562,facilitytype,_nan_,grocery store,restaurant,0.400082498788834,"{""grocery store"": 0.2346162, ""mobile food dispenser"": 0.17956224, ""restaurant"": 0.4000825, ""school"": 0.18573907}"
4573,facilitytype,_nan_,restaurant,restaurant,0.755570411682129,"{""grocery store"": 0.12902443, ""restaurant"": 0.7555704, ""school"": 0.115405165}"
4580,facilitytype,_nan_,grocery store,restaurant,0.758508086204529,"{""grocery store"": 0.13030833, ""restaurant"": 0.7585081, ""school"": 0.111183584}"
4581,facilitytype,_nan_,grocery store,restaurant,0.410607725381851,"{""grocery store"": 0.21638885, ""mobile food dispenser"": 0.18143801, ""restaurant"": 0.41060773, ""school"": 0.19156544}"
4587,facilitytype,_nan_,restaurant,restaurant,0.460822403430939,"{""grocery store"": 0.29841912, ""restaurant"": 0.4608224, ""school"": 0.24075846}"
4591,facilitytype,_nan_,restaurant,restaurant,0.755248367786407,"{""grocery store"": 0.13273183, ""restaurant"": 0.75524837, ""school"": 0.11201973}"
4593,facilitytype,_nan_,restaurant,restaurant,0.755248427391052,"{""grocery store"": 0.13273181, ""restaurant"": 0.7552484, ""school"": 0.11201975}"
4594,facilitytype,_nan_,restaurant,restaurant,0.755248427391052,"{""grocery store"": 0.13273181, ""restaurant"": 0.7552484, ""school"": 0.11201975}"
4619,address,2032 w devon ave,2032-2034 w devon ave,2032-2034 w devon ave,0.620419085025787,"{""2032 w devon ave"": 0.33048952, ""2032-2034 w devon ave"": 0.6204191, ""900 n north branch st"": 0.049091324}"
4623,facilitytype,_nan_,restaurant,restaurant,0.608949363231659,"{""daycare (2 - 6 years)"": 0.094059706, ""grocery store"": 0.11079433, ""long term care"": 0.094123885, ""restaurant"": 0.60894936, ""school"": 0.09207276}"
4624,facilitytype,_nan_,restaurant,restaurant,0.608949363231659,"{""daycare (2 - 6 years)"": 0.094059706, ""grocery store"": 0.11079433, ""long term care"": 0.094123885, ""restaurant"": 0.60894936, ""school"": 0.09207276}"
4627,facilitytype,_nan_,restaurant,restaurant,0.625729978084564,"{""daycare (2 - 6 years)"": 0.09584679, ""grocery store"": 0.09218786, ""long term care"": 0.092881225, ""restaurant"": 0.62573, ""school"": 0.093354166}"
4628,facilitytype,_nan_,restaurant,restaurant,0.625729978084564,"{""daycare (2 - 6 years)"": 0.09584679, ""grocery store"": 0.09218786, ""long term care"": 0.092881225, ""restaurant"": 0.62573, ""school"": 0.093354166}"
4643,address,2032 w devon ave,2032-2034 w devon ave,2032-2034 w devon ave,0.698537170886993,"{""2032 w devon ave"": 0.3014628, ""2032-2034 w devon ave"": 0.6985372}"
4645,facilitytype,_nan_,grocery store,restaurant,0.509769797325134,"{""catering"": 0.21596418, ""grocery store"": 0.10894768, ""long term care"": 0.07868664, ""restaurant"": 0.5097698, ""school"": 0.086631656}"
4646,facilitytype,_nan_,coffee shop,restaurant,0.509769797325134,"{""catering"": 0.21596418, ""grocery store"": 0.10894768, ""long term care"": 0.07868664, ""restaurant"": 0.5097698, ""school"": 0.086631656}"
4655,facilitytype,_nan_,restaurant,restaurant,0.684618592262268,"{""grocery store"": 0.13192602, ""long term care"": 0.08815795, ""restaurant"": 0.6846186, ""school"": 0.09529752}"
4660,facilitytype,_nan_,restaurant,restaurant,0.530457973480225,"{""grocery store"": 0.2458065, ""restaurant"": 0.530458, ""school"": 0.22373551}"
4665,facilitytype,_nan_,restaurant,restaurant,0.496675163507462,"{""grocery store"": 0.3041731, ""restaurant"": 0.49667516, ""school"": 0.19915168}"
4667,facilitytype,_nan_,grocery store,restaurant,0.762854278087616,"{""grocery store"": 0.14331369, ""restaurant"": 0.7628543, ""school"": 0.09383196}"
4673,facilitytype,_nan_,restaurant,restaurant,0.706637978553772,"{""grocery store"": 0.12790872, ""mobile food dispenser"": 0.06678304, ""restaurant"": 0.706638, ""school"": 0.098670274}"
4674,facilitytype,_nan_,restaurant,restaurant,0.706637978553772,"{""grocery store"": 0.12790872, ""mobile food dispenser"": 0.06678304, ""restaurant"": 0.706638, ""school"": 0.098670274}"
4715,facilitytype,_nan_,restaurant,restaurant,0.721278369426727,"{""daycare (2 - 6 years)"": 0.088189356, ""grocery store"": 0.114976645, ""restaurant"": 0.72127837, ""school"": 0.07555568}"
4716,facilitytype,_nan_,restaurant,restaurant,0.52301436662674,"{""daycare (2 - 6 years)"": 0.15092139, ""grocery store"": 0.19676335, ""restaurant"": 0.52301437, ""school"": 0.12930097}"
4720,facilitytype,_nan_,grocery store,restaurant,0.579878985881805,"{""grocery store"": 0.2694773, ""mobile food dispenser"": 0.0891397, ""restaurant"": 0.579879, ""school"": 0.061503988}"
4721,facilitytype,_nan_,grocery store,restaurant,0.579878985881805,"{""grocery store"": 0.2694773, ""mobile food dispenser"": 0.0891397, ""restaurant"": 0.579879, ""school"": 0.061503988}"
4726,facilitytype,_nan_,grocery store,restaurant,0.477829486131668,"{""grocery store"": 0.18479386, ""mobile food dispenser"": 0.17900401, ""restaurant"": 0.4778295, ""school"": 0.15837263}"
4738,facilitytype,_nan_,daycare above and under 2 years,restaurant,0.314161568880081,"{""daycare (2 - 6 years)"": 0.18239371, ""grocery store"": 0.17206176, ""long term care"": 0.16057654, ""restaurant"": 0.31416157, ""school"": 0.1708064}"
4744,facilitytype,_nan_,grocery store,restaurant,0.490010201931,"{""grocery store"": 0.20559628, ""restaurant"": 0.4900102, ""school"": 0.30439353}"
4755,facilitytype,_nan_,restaurant,restaurant,0.407447963953018,"{""grocery store"": 0.20089084, ""mobile food dispenser"": 0.16941348, ""restaurant"": 0.40744796, ""school"": 0.22224772}"
4760,facilitytype,_nan_,restaurant,juice and salad bar,0.523697197437286,"{""grocery store"": 0.13620849, ""juice and salad bar"": 0.5236972, ""restaurant"": 0.2302222, ""school"": 0.1098722}"
4770,facilitytype,_nan_,grocery store,restaurant,0.492841511964798,"{""grocery store"": 0.22202094, ""restaurant"": 0.4928415, ""school"": 0.2851375}"
4802,facilitytype,_nan_,bakery,wholesale bakery,0.450435221195221,"{""grocery store"": 0.11762172, ""mobile food dispenser"": 0.09792542, ""restaurant"": 0.2261512, ""school"": 0.107866414, ""wholesale bakery"": 0.45043522}"
4803,facilitytype,_nan_,restaurant,wholesale bakery,0.50128048658371,"{""grocery store"": 0.13505237, ""restaurant"": 0.24429654, ""school"": 0.11937065, ""wholesale bakery"": 0.5012805}"
4881,facilitytype,_nan_,restaurant,restaurant,0.315171808004379,"{""daycare (2 - 6 years)"": 0.1654105, ""grocery store"": 0.17847982, ""long term care"": 0.16029261, ""restaurant"": 0.3151718, ""school"": 0.18064523}"
4957,facilitytype,_nan_,restaurant,restaurant,0.711409449577332,"{""grocery store"": 0.12437314, ""mobile food dispenser"": 0.06672516, ""restaurant"": 0.71140945, ""school"": 0.09749221}"
4982,address,3018 n cicero ave,3018-3020 n cicero ave,3018-3020 n cicero ave,0.819812536239624,"{""3018 n cicero ave"": 0.18018743, ""3018-3020 n cicero ave"": 0.81981254}"
4984,facilitytype,_nan_,grocery store,grocery store,0.522292912006378,"{""grocery store"": 0.5222929, ""restaurant"": 0.31226718, ""school"": 0.16543995}"
4985,facilitytype,_nan_,grocery store,grocery store,0.451600074768066,"{""grocery store"": 0.45160007, ""mobile food dispenser"": 0.12249502, ""restaurant"": 0.27802518, ""school"": 0.1478797}"
4986,facilitytype,_nan_,grocery store,grocery store,0.451600074768066,"{""grocery store"": 0.45160007, ""mobile food dispenser"": 0.12249503, ""restaurant"": 0.27802518, ""school"": 0.14787972}"
4990,address,11601 w touhy ave t2 f12,11601 w touhy ave,11601 w touhy ave t2 f12,0.592605173587799,"{""1000 w washington blvd"": 0.14009477, ""11601 w touhy ave"": 0.12469768, ""11601 w touhy ave t2 f12"": 0.5926052, ""901 n damen ave"": 0.14260241}"
4990,facilitytype,grocery store,restaurant,restaurant,0.530020713806152,"{""grocery store"": 0.39668012, ""mobile food dispenser"": 0.03809897, ""restaurant"": 0.5300207, ""school"": 0.035200212}"
4995,facilitytype,_nan_,restaurant,restaurant,0.516041278839111,"{""grocery store"": 0.26523477, ""restaurant"": 0.5160413, ""school"": 0.21872403}"
4997,facilitytype,_nan_,restaurant,restaurant,0.48561355471611,"{""grocery store"": 0.25909814, ""restaurant"": 0.48561355, ""school"": 0.25528827}"
